1837646
12170988
11871190
1921992
1921993
1922015
1922024
5140603
5140627
1934331
1934447
1934570
1934693
1934715
1934991
1935078
1935295
1935301
1935343
1935346
1935350
1935614
1935838
1935849
5140969
5140980
1936161
1936233
1936312
1936378
1936388
1936391
1936565
1936566
5141085
1936649
10132775
10331171
9620499
10075196
1868535
10100176
10517417
1868575
1992268
1992277
1992283
1992301
1992315
1860621
1860628
4522795
1860659
1860664
1860668
1860671
1860688
1860709
1860711
4522933
5123582
1860736
10648791
1758114
1758146
6113873
1732063
1732072
1732087
1732114
1732115
5101556
5101559
1732416
1732419
1732452
1732457
1732508
1732521
1732525
1732565
10083877
9840570
9960252
5101590
1732660
1732662
1732680
1732685
1732697
1732717
1732763
1732830
1732842
5101640
1732901
1732955
10190647
10341307
10435406
1732978
1733154
1733155
1733243
1733258
1733394
1733412
1733484
1733504
1733507
1733511
1733525
1733535
4525266
4525268
4525270
4525273
1733620
1733755
5734897
5101678
5101717
5101745
5101763
5101811
5715280
5715281
5769191
1734384
1734453
5102207
5102242
1734496
1734519
5102304
5102324
5102335
5102365
5102396
1734690
1734704
1734794
1734826
10155026
1734851
5734891
6113959
10730270
5102287
5102300
11529292
1831861
1831863
1831890
1831974
1831999
1832023
1832143
5734640
11453841
1832235
1832248
1832254
5734645
1832518
1832533
1832553
1832569
1832612
1832649
11505614
1833475
8825467
4302388
1845270
1845271
1845279
1845314
1845329
1845335
1845368
1845385
1845442
1845448
1845455
1845502
1845503
1845513
1845547
1845548
1845565
1845574
1845586
1845604
1845605
1845607
1845616
4529566
4528100
1846313
1846351
1846374
1846439
5121847
5121850
1846604
1846657
1846715
1846729
1846849
1846858
1846860
10785815
11730078
1846914
1846916
1846941
1846945
1846971
1846992
1847013
1847059
1847061
1847062
1847064
1847066
1847068
1847097
1847111
1847149
1847157
1847225
1847249
1847260
1847274
1847308
1847343
1847392
1847407
1847426
1847457
1847484
1847498
4528547
1847568
1847572
1847622
1847639
1847641
9262981
8559137
1847919
1847930
1847944
1847956
10427568
9546514
1848114
1848150
1848202
10450501
1848219
8797017
9868978
1848259
1848272
1848273
1848274
1848295
1848312
1848322
1848325
1848356
1848378
1848426
4528539
1848490
1848505
1848596
1848610
1848636
1848639
1848657
1848669
1848690
1848713
1848714
1848717
1848730
1848741
1848753
1848864
1848868
1849007
1849010
1849104
9973217
5122013
1849267
1849273
1849284
1849294
1849457
1849470
9007213
1849477
11052757
11080751
1849531
1849539
1849552
1849630
1849656
1849856
1849897
1849924
1850008
1850042
1850045
1850076
1850077
1850106
1850156
1850184
1850225
1850238
1850246
11576787
1850279
1850302
1850321
1850335
1850386
1850394
1850450
1850497
1850506
4527903
1850522
1850533
1850538
1850570
1850575
1850585
1850589
1850597
1850633
1850640
4528529
1850673
1850690
1850722
1850729
1850764
1850771
1850773
1850774
1850781
1850798
1850868
1850884
1850908
1850922
1850923
1850962
1850971
1851000
1851002
1851010
1851011
8986624
1851039
5122037
5122062
5122086
5122113
5122121
5122131
5806361
1851203
1851213
1851220
1851237
1851243
1851300
11528968
1851337
1851347
1851453
1851462
1851543
1851555
1851670
1851714
1851750
5122206
1851828
1851845
4527972
1852150
1852159
1852165
1852177
1852292
1852311
1852320
6133343
1852382
1852430
9123440
11287091
4527957
10023115
10498365
11706893
1850463
9977181
1848212
1848213
1848920
1849498
11430021
1829533
1829588
1829659
1829612
1829703
1829776
1829785
1829799
1829814
1829823
1829866
1829974
4705103
8779506
4525354
10508467
12031071
4695719
1828395
1828400
1828402
8150089
1828424
1828426
1828455
1828456
6196939
1828471
1828491
1828540
1828543
1828544
5119338
1828637
10707366
10833593
10882997
5119346
5119349
5119350
5119353
5119354
5119361
10288636
10639943
1828826
4695709
1828976
11642411
1829021
1829029
6097236
8871600
9182336
5769272
7623903
8912441
10053809
10176413
10067382
5879654
7448174
4525610
1751852
10835385
10855556
5125130
1861395
1868428
1868527
5734146
1837706
1834428
4684910
4686897
4686905
4686907
4686913
1835848
1835862
1835874
1835886
1835897
1835908
1835928
1838084
1838978
4685802
1839600
1839604
4685468
4684220
4685557
4685946
1835460
1845793
1845866
1845952
1845962
1845965
1845982
1846035
1846052
9159662
1846505
10594478
1834980
8503184
1834710
1839094
1839146
1841261
5119890
1830812
1830814
1830838
1830843
1830122
1830125
1830131
1830137
1830144
1830147
1830152
1830186
1830191
1830194
1830202
1830203
1830207
1830221
1830229
1830241
1830243
1830262
1830266
1830271
1830284
1830293
4525476
4525487
9998920
1831458
1831473
1831499
1831508
1831565
1831631
1831643
1831655
1831667
4708342
9379855
5119868
1839396
8834672
1839625
1841296
4528593
8271010
1853723
5880147
9734171
10679326
10746289
11382064
10698858
11570545
10701190
11807833
12199936
11095591
11418741
11513018
11571523
12151997
12160125
10042504
10094594
10379915
10531480
10548275
11919216
9851221
9985020
12022449
7908344
12259113
12208733
12235234
12217030
5110390
1758625
1758860
1758861
1758866
1759150
1759775
1760140
6132868
6132869
1760201
1760384
1760385
1760396
1760397
1760398
1760400
5108951
1760927
10889719
1760970
1761101
1761102
1761110
1761111
1761213
1761353
1761387
9257793
1761572
1761573
1761751
1761752
1761820
1761838
1762151
5109196
11562374
1762219
1762226
1762286
9553692
1762298
1762474
8331687
8379616
9354496
9546910
1762849
1762852
10256550
1762887
1763156
1763163
1763184
1763199
1763223
1763256
1763589
5109766
1763650
1763782
1763812
1763957
1763976
1763994
1764021
1764032
1764043
1764060
5109782
5109784
5109786
5109787
5109788
9278311
1764525
1764531
1764640
1764880
1764886
1765097
1765182
8028211
1765653
1765863
1766260
10099906
10647358
1766558
1766560
1766570
1766584
1766601
1766612
1766618
3257809
6116699
5110044
1766839
1766845
1766880
1766888
1767031
1767044
1767215
1767307
1767320
1767499
1767508
9384861
1767755
1767758
1767779
1767780
5110190
11097510
1767883
1768283
1768440
5110232
1768898
1769000
10340332
10820762
1769103
1769168
11467034
1769336
10848620
1769410
1769425
1769465
1769737
1769739
1769772
10881384
12148290
1769823
1769827
1769840
1769841
1769852
1769897
1769901
1770038
1770044
1770263
1770380
1770383
1770384
1770385
11728240
7396517
1771455
6132966
6132967
5110297
5110299
5110305
7701550
8837162
8963926
9256436
9279670
9283228
9323382
9327042
9395422
9399145
9440644
9560782
9564612
9607447
9636442
1771839
1771846
1771848
1771859
1771975
1771977
5110326
5110327
1772260
1772352
1772427
1772428
1772447
1772543
1772689
1772716
9237599
9424441
9534690
1772793
4532500
5110397
5110417
5110447
5110490
5110492
1774069
1774575
1774576
5110533
1774907
9287097
1775148
5110546
8979264
1775980
1776163
1776265
1776268
5110765
5110769
1777024
1777034
1777052
1777075
8345991
1777165
1777166
1777179
1777289
8141741
1777631
5110837
9257908
1777695
1777737
11457930
11609422
9372988
6132953
1777942
4687991
5110891
6133029
1778430
1778548
1778549
1778551
1778555
9423248
5110981
5110986
5110993
10403441
5111007
5111044
5111054
6133058
9610080
1779399
1779456
6132938
1779671
1779740
1780149
1780150
5111830
10203499
1780705
1780716
1780856
1780857
1780860
1780862
1781029
1781038
7672864
9305011
9390065
9630748
8193562
1781944
1781946
5112051
5112053
5112060
5112068
5112078
5112080
9008379
1782115
10154280
1782185
1782208
1782211
1782214
1782326
1782328
1783173
1783302
8384839
1783365
1783652
1783882
1783991
10157400
5112407
5112410
1784646
1784804
10208792
1785744
1785832
1785913
1785916
9520799
1786190
1786217
1786219
1786247
7480993
1786317
1786711
11368766
5112500
6132971
6132974
1786912
1786913
1786958
1786980
1786984
1786985
1786990
1787003
1787009
1787010
10860091
6132805
1787106
1787464
11495556
1788045
5112531
5112542
1788278
11890681
10295290
1788372
1788553
6116754
6132936
7346446
9494526
1788881
1788891
6132826
1788953
1788986
1789057
1789190
1789191
1789193
1789225
5112626
1789498
1789604
10090168
1789794
1789805
1790230
1790240
1790246
1790248
1790257
1790258
1790268
1790274
1790281
1790287
1790308
5112798
1790331
1790450
1790692
1790787
10598407
1790816
1790832
10749137
10766319
1790876
1790888
1790900
1790910
9967251
9983957
1790937
1790945
7785540
9345545
1791010
5112843
1791094
1791097
1791151
10743044
6132950
5112892
5112900
5112908
5112911
5112915
5112917
5112923
5112927
5112940
5112944
5112947
5112959
5112960
5112961
5112963
5112968
5112990
1791372
1791379
1791514
1791698
1791715
11016336
11725043
11971514
5113078
5113082
5113084
5113148
5113234
9310626
1792210
5113330
5113352
1792276
9382044
1792541
1792695
1792827
1792831
5113385
5884243
9504222
1793429
1793566
1793610
1793613
1793631
1793635
1793646
1793656
1793892
9860902
1794518
10850929
1794637
1795042
1795045
1795049
1795074
10267570
1795657
9340452
9622322
1796257
1796288
1796338
10573746
5113925
1796984
10108671
1797039
6132979
10600368
1797111
1797121
1797122
1797135
1797137
1797146
1797178
1797194
1797198
1797206
1797210
1797218
1797252
1797257
1797258
1797259
1797275
1797276
1797285
1797290
1797296
1797299
1797300
1797333
1797339
1797344
1797349
1797365
1797367
1797373
1797374
1797375
1797379
1797394
1797409
1797429
1797432
1797433
1797436
1797440
1797445
1797454
1797464
1797474
1797475
1797478
1797479
1797488
1797507
1797521
1797527
1797542
1797556
4532461
4532471
4532473
8016905
8355390
8756768
8874140
9022399
9236138
9240357
9252524
9273409
9289908
9310510
9312545
9332506
9340070
9344456
9350484
9367471
9406020
9410076
9416645
9455404
9468297
9483647
9547311
9549475
9554074
9560404
9604825
9607036
9611624
9618068
9622725
1797727
1798014
1798018
1798023
1798025
1798101
5113950
5884245
5884247
6117055
6117124
7598729
1798346
1798393
1798402
1798408
4532493
1798427
1798449
11636323
1798481
1798488
1798504
6115283
6132841
6132850
9440183
9635978
9923283
10657151
1798511
10096855
11732472
11976273
1787072
1787079
1787090
1798523
1798529
1798580
1798594
1798687
1798700
1798768
1798794
1798802
1798807
1798823
1798863
1798868
4301310
4532351
4532352
4532357
6115426
6115437
6133046
6133051
8150450
8793873
9238900
9243875
9292394
9314022
9353360
9358521
9425857
9499599
9527919
9533271
9545713
9579730
9608673
9621113
9626500
1799165
1799167
1799183
1799417
1799703
1799708
9249036
1799743
1799751
1799757
6132824
6132825
1803127
10722110
1803148
1803163
1803197
1803218
1803266
1803302
10033898
5114892
5114903
1803628
11713970
5114923
5114930
5114934
5114946
11909090
1803781
1803788
1803824
1804071
1804074
1804246
1804331
1804337
1804394
1804398
1804401
1804404
1804407
1804409
1804429
1804430
1804477
1804512
1804513
1804522
5115046
1804610
9343385
10053130
1804721
1804727
1804742
1804759
1804760
10156470
8865876
1804906
11508076
11907485
1804963
1804969
1804971
1804974
1805043
1805044
1805110
1805111
1805155
4532608
1805184
1805197
1805271
11494627
12229237
1805505
1805524
1805537
1805540
1805542
1805549
1805580
1805682
1805691
1805717
5115166
5115167
5115198
9663271
1805806
1805938
1805955
1805976
1805982
1806064
1806075
1806145
1806170
1806176
5115406
1806687
1806690
1806702
1806704
1806737
1806740
1806814
9235225
9278398
9394138
9417594
9491341
9541734
9565980
9588105
1806871
1806872
1806878
1806887
1806913
1806936
7874258
1807271
1807273
5115500
1807353
1807355
1807473
1807477
1807478
1807479
1807480
1807483
1807485
1807488
1807490
1807491
1807503
1807514
1807553
1807569
1807787
1807881
1807969
1808088
11453492
11900897
1808140
1808145
1808161
1808166
1808172
1808180
1808195
1808221
1808232
1808236
1808286
1808340
1808348
1808359
1808381
1808440
1808450
1808559
6198302
9219266
1808590
1808592
1808648
1808752
5115701
5115771
1809019
8929537
1809066
5115777
1809115
1809127
1809135
9463067
1809158
1809159
1809210
12214821
1809244
1809248
1809294
1809299
1809305
1809308
1809348
10189965
1809381
1809387
1809491
1809499
5116095
10010700
10183056
12006709
1810025
1810099
1810121
1810145
1810172
1810318
1810464
1810469
5116128
5116134
5116145
5116198
5116238
5116252
5116293
9350900
1810743
1810752
1810824
1810846
1810851
1810866
1810867
9389851
7535515
1811019
1811026
1811079
1811081
1811122
1811439
5116332
5116338
5116353
5116358
10882244
5116395
5116397
5116412
5116416
12176559
12182061
1811686
5116423
1812437
1812453
1812465
1812500
1812573
1812658
1812881
10671425
10821201
11736162
12209759
1813010
1813036
1813114
1813248
1813263
5117189
5117200
7656811
1814182
1814323
1814336
1814338
1814357
1814359
1814365
5117245
5117347
5117348
1814538
1814552
5117361
1814630
1814653
1814658
1814665
1814692
1814800
1814823
1814827
1814838
1814843
1814863
8933773
1814913
1814928
1814971
5117399
5117400
1815260
10074808
1815338
1815373
5117413
5117414
9434954
8916247
5117430
5117462
5117463
5117553
1815680
1815856
10826443
12249986
1816029
1816065
1816110
1816138
1816246
1816264
1816276
1816292
1816299
1816362
1816434
1816570
5117685
5117687
1816881
5117776
5117779
5117791
5117805
1817065
1817086
11703980
1817160
1817171
1817217
1817690
1817693
1817696
1817727
1817729
1817732
1817734
1817749
1817797
11725616
1817808
1817810
1817852
1817854
1817864
5734900
1817940
1818252
11461056
11860565
1818413
5118046
11758730
1818454
1818463
5118171
6122301
8326103
1818659
1818991
1819050
10556853
10822185
1819128
1819145
4532293
4532297
6134023
6134027
6197200
7346382
7346384
1819268
1819270
1819280
1819310
11656384
1819421
8407461
1819668
1819699
9331464
6134035
1819873
1819928
5118291
5118327
5118348
5925317
6122092
7657803
8361973
8720118
9391467
9568710
1819970
5118422
10546538
1820275
1820282
1820291
1820318
1820352
1820372
1820383
1820393
1820401
1820406
1820414
1820429
1820435
1820440
1820450
1820451
1820458
1820477
1820478
5734655
5734657
6121912
7346381
9420824
1820565
1820711
1820714
1820722
1820753
1820764
1820791
1820802
1820888
1820940
1820948
1821012
1821051
1821105
1821113
1821260
8178238
1821436
10274769
1821448
6122103
1822141
1822142
10551407
11731502
12253343
12037602
9276279
9347308
5884571
10503495
10106475
8897869
9956017
7596232
11873825
5771982
8872165
9288386
9291075
9362560
9480768
9601788
8881513
12176367
7346231
12183285
6097214
4532544
4532614
4532549
4532516
6133081
6133083
4532532
4532565
10864524
12021153
12021649
12089608
9673208
10270464
8741750
9473918
11904675
9400545
9559336
6133292
11332355
6133340
10062933
10717837
8148822
12180031
12203022
12216332
12242422
9852545
10496181
10806460
6133252
10072380
6133325
9754232
10972780
11142432
10629533
10309234
12171522
9493317
9315833
11962292
12017078
10004820
10248689
10399906
6112547
6133266
6133269
6133270
6133271
10454874
10754772
10812069
11232431
6112449
6112472
6133311
6133312
6133313
6133315
6133317
8452092
8526388
8543494
8624848
9927378
10443878
10395440
8774985
8908724
9135886
9247563
9288596
9290866
9315577
9334851
9406984
9432644
9452274
9526331
9552703
9555094
9599150
5734901
10637588
6133262
10643533
12257250
10214972
10830546
10851228
12194283
10166724
8831819
12135372
5115381
11033463
11812181
5115854
5115872
5115874
9530200
5116475
8038357
8165185
6133264
6097254
9359871
9379595
9387353
9407200
9432438
9452497
9460510
9498206
9552466
9627917
1774826
1774829
5114949
5114950
5114956
10480609
5116698
5116843
1805535
8429622
1788711
1788717
7560807
9301336
12171068
9266866
8363709
10178326
10282389
10400868
10469564
10813849
10907635
10982648
8874633
9508913
9621271
1783898
1783906
6133033
5116504
8723161
9198767
5114912
5114915
5114921
1818216
5108808
1788635
9336001
1781413
1781420
1781421
1781428
1803461
4532395
4532405
4532408
4532412
9446902
1780869
1780897
10866411
6133241
6133242
6133244
6133248
7346227
8000103
9478424
1781598
1794268
1794273
1803590
1803593
4532534
1819320
1772374
1796523
1763761
6115388
1816634
1816648
1816673
1816685
6133297
1774583
1774598
1774600
1774604
1774618
1774626
1774635
1774640
1774654
1774661
1774682
1774691
1774702
1774712
1768626
1768630
6132809
1803544
1803545
1817973
1819852
1780287
1813174
4532508
4532510
8805966
8905759
9051758
9254017
9298735
9324570
9368974
9443159
9469928
9488783
9637664
1793515
1793533
1793538
1793542
5111643
1804532
1766892
1813460
1813468
1813413
1813415
10164453
1768190
1807634
1782645
9400916
1768459
1768461
1768462
1760233
1760244
1760246
1760257
9235027
9989156
5113001
5113030
5113036
9522383
8177591
5109796
1821455
1821464
1821468
1821478
1821479
1821505
1821542
1821547
1821581
1821651
1821684
1821856
1821863
1821911
1821920
1821934
1821940
1822003
1822017
1819337
1819362
1804120
1804148
1804182
1774997
1768212
6122364
1815315
1819170
5118223
1820573
1781446
1781473
6116073
6116076
1782507
1783713
1783715
1783725
9918092
1775796
1816775
1811814
1811948
1812026
1812105
1812207
1812262
1812339
1812394
8237987
5117941
1803306
4532366
4687933
4687934
4687935
5884258
6116646
6116659
6116661
6116669
6116674
7716829
8299504
8968321
9451320
10926224
11088003
1820118
1820137
1819057
1799821
4532453
6116413
1820039
5118396
1814877
11754729
1781503
1781531
6115504
1798329
1798331
1798335
1784936
1784947
1784959
1785024
1785072
1785105
1765996
1765997
1765999
1766007
1766022
6133069
10272611
10330198
10598038
11513188
11612469
1786597
4687389
5884188
6117485
6132915
6132916
6132917
7611914
7924383
9935660
5110012
5110013
10196956
10392889
1811455
1811462
1811465
1772822
12185656
1809585
1809594
1781350
1781353
6133013
1796941
1796943
1807924
1819685
10098436
11717028
1771772
1771779
1782310
10094256
6197138
10765884
12266659
9792270
5108421
5108435
5108440
1771903
1780617
1780646
1780668
1780676
1788813
10097776
4301309
10506164
1777463
1777471
1777500
1777517
6115973
5112440
1791735
1791736
1795542
1860974
1860979
1860983
1860987
1860989
1860993
1860994
1860996
1861011
1861030
1861031
4522911
4522916
4522919
4522922
12318291
4522886
4522890
4522891
4522896
1860765
1860768
1860849
1860852
1860857
7767114
7851302
7961640
1992378
1992434
1992489
1992504
7472845
1731886
1731890
1731906
1731923
1731926
1731927
1731980
1732001
1732005
1732031
1732033
1732044
1732052
1852956
1852978
10640865
9950697
1833779
1833782
1833794
1834524
1834547
4685588
4685595
1834793
1835086
1835348
1835430
1835432
1835433
1835436
1835438
1835449
1835451
1835456
1835457
9724183
1835467
1835814
1835819
10610041
1837343
1837360
1837420
1837429
1837464
1837515
4529064
7958169
8015612
1837724
1837726
1837727
1837968
1838058
1838065
1838071
10017792
1838360
1838465
1838512
1838584
1839293
1839296
1839658
1839714
1839721
4684986
1840297
1840301
1840311
1840345
1840346
1840360
1840371
1840379
1840380
1840408
1840441
1840448
1840478
1840483
1840485
1840520
1840543
1840553
1840555
1840566
1840570
1840581
1840592
1840596
1840621
1840656
4529186
1841081
1841084
1841091
1841095
10187154
5119808
1831752
1852751
1852787
1852831
1852832
1852859
9473121
1852901
4529630
9851261
5125075
5125104
8416348
10371735
1869359
1869363
9883856
1751236
1751290
1751298
1751299
1751336
1751368
1751400
1751457
4535884
4535904
1939510
1939520
5141344
1860184
1860259
1860260
1860261
1860274
10165831
1860408
4525177
1860443
10308365
5123339
9913863
10361029
10625116
5123394
5123419
5769164
5880040
5880041
6132546
5123449
5123461
5123474
5123485
5123489
5123542
1735408
10208422
4302389
1751207
1751216
1853222
1869595
8797666
1869656
1869666
10005632
10433914
11756119
1869706
1869707
1869714
1869803
1869825
1869852
1869858
1869976
1870017
1870037
1870202
1870237
1870249
1870250
1870267
1870308
1870415
1870426
1870450
1870452
1870459
1870506
1870509
1870607
1870650
1870703
1870721
1870727
1870733
1870751
1870777
1870988
5125306
1871160
1871171
1871175
1871212
1871217
1871252
1871264
1871333
1871379
10246305
10588642
10817208
1871407
4531402
4531409
8766638
9944922
1871414
1871419
1871451
4531365
4531376
1871457
1871509
1871560
1871597
1871630
1871683
1871698
1871754
1871763
1871783
1871826
1871890
1871923
1871940
1871988
1872094
1872169
9969513
1872200
1872210
1872255
10336328
1872452
1872456
1872466
1872470
1872514
1872515
4531427
7673242
1872735
1872812
1872827
10787705
1872848
1872850
1872873
1872901
1872904
1873048
1873049
1873051
1873079
1873215
1873222
1873267
1873285
1873290
1873291
1873319
5125545
1873373
10807383
1873376
1873381
1873383
1873384
1873398
1873411
1873417
1873585
1873620
9858922
7372375
1873753
4530947
4530951
10143814
1873773
10165457
10366580
10410048
10518163
10561589
1873776
1873780
1873783
4531237
4531264
9971850
1873843
1873890
5125569
5125591
5125596
5125600
5125602
5125629
5125633
5125635
5125689
1874146
1874158
1874160
1874168
1874179
1874192
1874204
1874211
1874229
1874248
1874257
1874269
1874274
1874279
1874280
1874295
4531145
4531147
4531158
1874317
1874375
1874513
1874552
10244305
1874743
9782192
1874901
1874937
1875008
1875120
8219149
1875196
1875319
1875327
1875376
1875407
1875409
1875429
1875451
4531242
1875478
1875483
1875485
1875534
1875554
1875584
1875606
1875607
1875631
1875633
1875680
1875682
1875687
4531284
1875827
1875830
1875844
1875865
1875869
1875914
1875918
1875940
1875952
1875958
1876063
1876168
1876329
1876357
1876409
1876479
1876512
1876542
1876548
1876549
1876592
1876623
1876665
10356445
1876854
1876876
10442332
1876922
1876955
1876987
10142569
1877002
1877038
5125916
5125917
1877282
1877310
1877321
1877338
1877341
1877345
1877353
1877364
1877365
1877368
1877372
4531246
1877406
1877443
1877453
9111961
1877492
1877498
1877537
5125939
1877643
5125943
5126000
5126013
5126052
1877788
1877940
1877941
1877975
1877986
1877988
1877995
1878067
4531417
4531425
4531429
1878158
1878173
1878197
1878350
1878370
1878392
1878406
1878470
1878471
1878490
1878500
9835867
1878586
1883045
1888454
1890024
1890056
1890065
5976937
10211808
5884888
10526954
10065676
10129011
10279983
11591775
9857679
10423263
6133441
11728049
1875885
5125525
1877035
1873697
5125780
1872315
1871504
1748780
1748805
1836906
1836907
5143284
5143285
11950325
12018158
12060941
12087490
1939962
1939964
1940110
1940158
4525859
4525884
11667300
5131957
5141493
5141501
5714558
5714572
5714575
5714600
10267561
10286565
10451589
10509408
1940504
1940510
1940517
1940546
1940575
1940580
1940601
1940604
1940609
1940612
1940639
1940644
1940694
1940717
1940744
1940757
1940768
4525777
4525803
8956729
9930604
10402067
1940807
1940838
4525846
1941310
1941330
1941348
1941377
1941437
10309794
12211069
10495733
10584071
12252570
1941266
1941294
1941299
1939833
1939879
9146244
12231385
1736315
1736358
1736377
1736390
1736412
1736425
1736447
10132596
11645405
1736484
1736499
1736511
1736528
1736560
1736565
1736601
1736623
10274976
5102628
5102635
5102637
5102642
5102651
5102666
5102668
5102671
5102678
1736727
1736760
1736800
10355428
1736803
1736807
1736809
1736811
1736821
1736826
5102683
1736836
1736860
10638589
1736898
1736904
1736905
1736906
1736915
1736918
1736937
1736939
1736945
4530406
1736993
1736995
1737015
4529931
1737072
10146436
10469532
1737115
1737131
1737182
1737187
1737231
10842267
1737313
1737342
1737368
1737374
1737403
1737413
1737417
1737437
1737491
1737497
1737509
4530608
7350238
7466487
1737524
1737526
1737533
1737542
1737544
1737551
1737552
1737650
1737753
1737768
1737775
1737776
1737783
1737847
1737893
1737904
1737924
1737929
1737964
1737968
1737973
1737978
4530002
8186212
8485254
1738045
1738050
1738081
1738163
1738192
1738218
1738222
1738245
10090105
10370026
1738317
1738322
1738337
1738373
1738422
1738429
1738514
5102693
5102735
5102773
5102782
5102807
5102809
5102830
8420632
8869900
9953996
5102931
5102951
1738687
1738700
1738722
1738777
1738791
1738794
1738809
1738839
1738883
1738888
1739034
1739042
1739043
8086347
1739051
1739128
1739151
1739220
1739272
1739284
1739290
1739316
1739337
1739362
1739364
1739377
1739381
1739400
5102982
1739449
1739451
1739461
1739471
1739553
1739567
10596756
1739605
1739612
1739617
1739629
1739646
1739656
1739668
1739677
10229731
1739727
1739748
1739767
1739770
1739797
1739816
1739819
1739833
1739867
1739884
1739919
1739922
1739924
1739927
1739931
1739954
1739956
1739964
1739973
1739980
1739983
1739999
1740003
1740005
1740037
1740053
1740060
1740069
1740116
1740120
1740133
1740148
1740155
1740163
1740174
1740183
1740185
1740225
1740246
1740305
1740370
1740374
1740389
1740392
1740400
7797515
8215326
1740449
1740469
1740482
1740518
1740524
1740533
1740567
1740570
1740586
1740623
8094357
1740762
1740797
1740828
1741056
12259151
1741074
9826405
1741084
1741130
1741131
1741147
1741253
1741258
1741324
1741340
1741341
1741361
1741368
4530151
8345820
1741398
1741400
11906255
5103061
5103066
5771357
1741545
1741551
10250474
10709446
10776625
10838422
10869347
1741590
1741593
1741615
1741633
1741634
1741667
1741719
1741747
1741752
1741756
1741765
4530424
1741812
1741818
1741820
1741823
1741824
1741826
9880932
10807169
11093909
1742081
1742089
1742091
1742106
1742121
1742142
1742150
1742168
1742178
1742180
1742185
1742198
1742203
1742214
1742239
1742241
1742260
1742263
1742268
1742272
1742273
1742287
1742293
1742304
1742310
1742335
1742346
1742402
10000103
10044107
10137001
10194727
10395101
10695966
11508404
11899754
5103394
5103451
5103502
5103613
5103736
5103948
5771350
7975250
9849625
9885192
1743182
1743184
1743196
8313553
10534945
1743319
1743323
4707896
4707900
10095278
10134865
11923027
5103998
7661023
11846897
1743453
1743461
1743475
7877231
10073044
10295171
10365884
10388627
10446580
10539598
12197284
1743532
1743588
1743604
1743613
5104056
5104063
5104088
5104093
5104116
6097235
9051888
9958147
9971153
1743641
1743643
1743653
1743657
1743658
1743663
1743680
1743694
1743710
1743714
4530214
1743730
1743768
1743775
1743782
4529900
4529908
4529915
1743825
1743828
1743838
1743855
1743856
1743862
1743867
1743898
10205587
10450442
1743998
1744071
10271464
1744130
1744136
1744180
5104157
1744212
1744224
4530632
1744416
12276630
1744498
1744526
1744542
9860684
9953708
1744588
1744593
9867379
1744693
1744699
1744700
1744709
1744714
1744724
1744728
1744731
1744739
1744742
1744748
1744763
1744777
1744782
1744789
1744808
1744810
1744860
1744896
1744901
7964262
1744949
1744953
1744998
1745013
1745019
1745022
1745079
10844862
1745131
1745307
9586705
10483734
1745558
1745561
1745579
1745600
1745606
1745630
1745634
1745636
1745643
1745659
1745666
1745669
1745675
1745676
1745678
1745705
1745724
1745725
1745729
1745737
1745746
1745756
1745761
1745762
1745771
1745781
1745787
1745788
1745814
1745816
1745827
1745830
8162538
8369868
9991710
1745895
1745925
1745947
1745952
1745957
1746000
10593489
1746027
1746068
8424972
1746174
1746327
1746413
1746440
1746462
1746512
1746586
1746613
1746644
1746666
1746689
1746695
1746714
1746751
1746754
1746763
1746774
1746775
1746831
1746832
1746856
1746859
1746876
1746881
1746898
1746910
1746927
1746949
4302199
4302202
4707848
1747024
1747050
1747068
1747140
1747141
1747147
1747150
1747155
1747160
1747161
1747163
1747166
1747171
1747188
1747189
10046698
10442122
12066849
12107129
12126779
1747196
9040133
9896144
1747215
1747222
5104442
6219423
10380465
10445629
10446898
10481441
10503464
10547716
10776919
12223349
1747523
10021059
10023049
10080502
10358334
10476233
1747639
1747672
1747738
1747740
1747814
4530138
1747914
1747924
5104558
10355898
1748103
1748109
1748148
1748149
1748151
1748152
1748203
1748321
5104597
6097234
7588222
9242559
1748425
1748442
1748456
1748473
1748486
1748518
9176043
1748605
1748648
1748661
1748720
1748751
10185271
5104641
9952043
8691947
10302660
10530383
9909775
10580256
9911298
9948031
10606887
10624577
10002059
8734154
10153630
10549715
12057008
8843927
10236521
10462612
11688440
5103083
5103100
5103118
5103121
5103154
5103166
5103176
5103181
5103183
5103185
5103201
5103227
5771227
5771229
5771230
5771232
5771236
5771239
5771241
5771243
5771249
5771255
5771256
5771258
5771259
9023222
1738196
1743651
10545267
1831775
1831780
10310599
10346267
4525500
4525503
4525505
4525510
4525530
4525540
4525547
4525557
4525562
10407953
1935498
4299071
8345567
9457324
9622955
1936026
1936810
1936859
1934172
5138967
5138984
1920844
1920851
1920864
1920889
1920892
1920900
1920923
10159697
10707501
9916153
1920957
1920991
1920996
1921009
1921010
1921021
1921040
1921044
7346426
1921053
1921055
1921064
10581870
10825466
1921092
1921093
10657453
1921123
1921150
1921163
1921239
1921240
1921247
1921248
1921255
1921262
1921263
1921300
10556522
1921466
1921521
1921590
7387466
1921633
1921650
7346430
5138069
1921897
1921910
8825450
1922038
1922039
1922041
1922044
1922049
1922057
10858809
11374171
11378618
1922063
1922064
1922085
1922111
1922143
1922163
1922197
1922219
1922223
1922244
1922285
1922288
1922291
10384044
10442031
10854079
9904499
1922311
1922343
8016522
1922455
1922468
5138200
1922572
1922584
4535092
10278292
1922637
1922676
1922679
1922689
1922694
1922701
8782891
1922739
1922745
1922771
1922849
1922851
1922865
1922867
1922868
1922889
1922890
1922937
5138257
1922994
1923019
1923037
12165672
5138298
5138387
5138492
5138543
5138561
5138602
5714679
5714680
5714689
9002107
1923458
1923465
1923473
1923491
1923498
1923505
8913017
1923525
1923649
1923650
1923651
1923668
1923678
1923679
1923744
1923782
4708972
4708973
4708977
1923796
1923809
1923883
1923917
1923997
1924044
1924050
1924057
1924077
1924082
1924097
1924106
1924176
1924193
12174634
12185456
12188086
12205404
12212066
12222885
12229400
12233602
12250854
12257418
12258984
12265590
1924223
1924232
5138681
1924298
1924323
10656713
1924362
1924390
1924392
1924417
1924429
8023645
1924458
1924513
1924518
1924521
8951523
1924558
1924713
10436850
1924754
8837974
8840017
8992718
9157410
9478718
1924759
1924770
5138701
11470119
1924867
1925221
1925233
7354189
4535172
1925381
1925410
10120854
10307383
10411472
1925429
1925454
1925458
1925498
1925500
1925501
1925509
1925515
4300384
4300393
4300399
8389961
8904480
1925543
1925555
4708984
1925609
1925615
1925628
1925676
1925679
1925693
1925694
1925711
1925731
1925743
5138732
5138743
5806391
1925801
12195040
1925877
1925918
1925922
4300000
4300011
4300012
1925962
12219036
1926001
1926009
11797637
1926054
9816676
1926324
1926385
1926436
1926437
1926446
1926448
1926456
1926460
1926530
1926531
1926539
1926546
1926550
1926574
4300259
5883255
7390086
1926593
1926611
10116946
10361239
10606547
1926722
1926800
1926817
1926823
1926834
1926861
10087308
11008182
11508257
11543078
1926972
1927025
1927034
1927217
1927219
1927242
1927272
1927274
1927284
4709107
4709111
5883052
7408690
8322165
9994384
1927301
1927302
1927313
10517500
1927348
1927393
1927439
1927445
1927633
1927707
1927717
5139026
5139029
5714747
5714755
5714788
5882965
7680748
1927894
1927895
1927897
1927900
5139034
1927909
11667997
1927943
1927955
1927979
1927988
1927992
1927996
1928009
4300406
1928018
4708927
1928070
1928076
1928214
1928215
8846776
1928248
5139040
5139050
1928349
1928361
1928376
1928382
1928389
1928419
5139064
5139156
1928584
1928589
1928628
5139188
5139201
1928746
1928754
1928829
1928849
1928908
1928915
4709030
9856663
1928923
1928945
1928960
1929046
1929049
1929059
1929129
11720834
1929270
1929402
1929659
1929697
5139309
5139339
5139346
5139357
5139524
5139540
5139578
5139673
5139700
5714618
5792092
8356768
1929772
1929962
1929966
1930079
1930110
1930146
1930167
1930178
1930179
1930181
1930183
1930263
1930270
1930288
1930289
1930331
1930361
1930391
1930410
1930422
1930451
1930466
1930481
1930539
1930563
1930581
1930621
1930653
1930654
1930660
1930678
1930728
1930772
1930779
1930830
1930832
1930904
1930916
1930923
1930931
1930935
4535106
1930954
1930968
1931046
1931109
1931116
1931119
1931122
1931126
1931132
8643155
1931148
1931179
1931189
5139864
1931310
1931403
1931437
1931509
1931553
1931561
5734268
7346434
1931655
1931656
1931706
1931729
1931735
1931779
1931784
1931787
1931788
5139897
5139898
5139908
5139909
5139914
5139915
1931889
1931906
1931908
1931943
1931956
1931958
1931979
1931997
1932020
4709051
1932043
10113190
10357476
10570752
11417741
11802190
1932056
1932159
1932166
1932172
1932175
1932177
1932189
1932206
1932246
1932273
1932287
1932302
4709095
1932332
1932354
4708995
8833509
1932386
1932393
1932406
1932409
1932411
1932414
1932417
1932428
4300277
4300363
1932473
1932517
1932551
11636481
1932563
7346444
8177775
1932576
1932580
1932607
1932629
5139954
5139990
5140006
6132685
1932751
1932752
1932753
1932812
1932814
1932863
1932879
1932882
1932908
4709133
1932960
1932976
5140033
5140054
5140056
5140063
5806412
1933028
1933044
1933084
4535162
1933260
5140214
5140244
5140436
5140443
5772702
5772749
7634721
7664111
9954885
1933583
1933647
1933649
7346407
1933679
1933793
1933844
1933845
5140534
5140561
1933998
1934187
1934188
1934192
1934211
1934213
1934221
1935363
1935372
1935377
1935405
1935408
1935410
1935454
1935459
1935853
1935869
1935872
1935878
1935884
1935888
1935899
1935901
1935904
1935912
1935916
1935925
1935931
1935935
10176954
10573187
9867272
9960318
5139928
1926166
1926260
5138841
5138921
5138929
7964910
4300268
9469139
7346417
10068544
9975698
10879371
11874998
4709102
9156458
4709147
1933095
1933126
1933138
1933163
1933204
11554226
1924494
11055981
1751980
1751986
1752034
9623220
1752109
1752111
1752161
9776414
9941073
5734556
1752281
1752285
1752286
1752327
1752373
1752383
1752477
1752483
1752492
1752494
1752534
1752536
1752537
1752539
1752545
1752547
1752603
1752651
1752749
1752758
1752775
1752805
1752825
1752832
1752849
1752894
1752903
1752923
1752946
1752947
10376685
1753081
1753105
1753106
1753111
11507608
5105365
5105367
5105369
5105376
5105379
5105380
1753215
1753395
5105447
5105458
5105467
5105469
5105491
5105508
5105547
5105553
5105560
5105570
5105584
1753432
1753435
1753461
11014495
1753603
1753604
1753636
5734560
1753661
1753668
1753759
5105588
10955682
1753833
1753864
1753871
1753902
1753906
1753922
1753929
5105603
10932946
10515719
4522322
7345843
10413588
10514620
6133481
10368234
9880359
10017342
10203493
9959898
10560849
5105336
5105339
5105344
5105352
5806127
5105259
10795141
5137511
5137512
12181811
12226416
12251247
1919125
1919128
1919129
1919130
1919145
1919146
1919149
11673056
1919151
1919160
1919161
1919173
10988070
1919176
1919181
1919194
1919210
1919213
1919214
1919221
1919223
1919233
1919235
1919239
1919245
1919267
1919277
1919282
1919287
1919289
5137540
1919316
1919317
1919320
1919326
1919327
1919328
1919330
1919333
1919338
4535280
4535285
7981372
1919340
1919342
1919344
1919346
1919348
1919381
1919407
1919412
1919419
1919421
1919432
1919438
1919444
1919534
1919540
1919551
1919564
1919581
1919589
1919626
1919635
1919646
1919649
1919652
1919653
1919656
4701298
4701336
7661785
1919660
1919663
1919665
5137553
1919697
1919698
1919700
1919701
1919702
1919703
1919705
1919706
1919711
1919712
1919716
1919719
1919720
1919728
1919731
1919741
1919744
1919756
1919758
1919762
1919924
1919929
1919930
10703948
1919937
1919939
1919943
1919945
1919947
1919949
1919951
1919966
5137747
5137748
1920181
1920192
1920237
1920247
1920258
1920259
5137790
5137791
5137799
5137800
5137802
5137803
1920266
4701136
1920275
5137808
5137817
5137819
5137823
5137827
5137828
5137832
5137833
5137842
5137847
5137849
5137850
5137851
5137854
5137858
5714819
5805954
1920348
1920349
1920353
1920356
1920357
1920359
1920362
1920363
1920369
1920370
1920374
1920377
1920378
1920379
1920381
1920390
1920395
1920401
1920404
1920405
4699245
5137861
5137863
1920426
1920431
1920437
1920454
1920461
1920463
1920467
1920469
1920472
1920491
1920494
1920496
1920498
1920502
1920506
1920509
1920512
4535307
5137882
5137889
5137890
5137891
5137894
5804932
5805036
5805407
1920515
1920534
1920535
1920538
1920541
1920552
5137902
5137903
5137908
5137912
5804895
1920571
1920574
1920581
1920586
5137920
5137926
5137929
5137932
5137935
5137938
5137945
5137946
5137949
5137955
1920691
5137969
1920707
1920709
1920711
1920712
1920718
4535271
5137988
5137996
5137998
1920786
1920795
1920803
1920809
1920810
1920815
1920816
5804166
5714914
5137573
5137578
5137582
5137588
5137593
5137595
5137601
5137605
5137608
5137612
5137615
5137626
5137636
5137659
5137663
5137664
5137672
5137674
5137677
5137679
5137682
5137689
5137693
5137694
5137695
5137700
5137706
5137708
5137711
5137714
5803588
8203812
12191141
12206386
12234544
12236627
1920621
1920218
5137763
7207679
1748890
1748922
1748942
1749050
1749070
1749124
1749164
1749287
1749449
1749529
1749531
1749661
1749664
1749713
1749744
1749760
1749846
1749869
1749908
1749921
1749929
1749936
1749948
1749954
1749959
1749975
1750051
1750076
1750097
1750131
1750143
1750159
1750166
1750288
1750326
5104772
5104781
5104797
5104815
5104822
5104829
5104882
5104891
5104903
5104927
5104940
5104948
5104986
5105031
5105054
5105057
5105068
5105081
5105088
5105106
5105120
5105124
5105158
5976947
9942354
1750924
1750934
1751024
1751051
1751146
5104759
1751163
1749591
1749596
1749608
1749635
1749656
8741260
11840028
1758003
1828310
1828317
9882683
1735532
9451208
4527339
4527342
1758440
1758441
1758461
1758596
1758602
1731826
1731837
1731860
1731862
1855235
1855241
1868837
1868884
1868952
1869043
1869057
1869178
1869187
1869238
1869278
1869286
11794362
1992547
9943941
10118678
1962159
1962162
9875141
1970460
1970463
1970473
1970485
1963095
1963096
1964995
1964996
10295646
1973530
1954236
11826016
5143303
5143311
5143315
1954490
1954496
1954514
1954522
1954563
5143338
5143354
5143368
5143380
5143384
5143437
5143453
5143477
5143506
5143511
5143525
5143575
5734335
1954891
1954911
10634980
5143586
9213204
1954930
1954933
1954992
1954993
10217455
1955039
1955093
1955153
1955199
1955202
1955271
1955272
1955318
6133648
1955389
1955413
1955416
1955422
1955479
1955484
1955497
1955498
5143651
1955552
1955581
6133676
1955694
1955725
1955736
1955737
1955743
1955745
10560674
11720357
1955753
1955755
9593393
1955763
1955806
1955856
4524588
10003902
10048667
10062202
10075732
10132475
10177276
10341059
10363151
10398979
10434798
10456933
10457796
10471477
10528420
10623003
11451126
11468089
11638437
1955899
5143657
5143675
5143697
5143703
10078526
10360329
1956098
1956099
1956215
1956309
11690145
1956384
5734542
5734543
9234402
10257899
1956416
1956440
1956462
1956496
1956505
1956510
1956524
1956536
1956597
1956599
1956626
1956629
1956639
1956710
1956716
8793973
6133593
1956897
1956904
4525068
1956955
1956958
1956963
1956978
1956983
10167252
1957058
1957062
1957161
1957174
1957266
1957286
1957300
1957333
1957368
1957413
1957441
1957460
1957523
1957556
1957565
1957570
1957572
1957579
1957583
1957611
1957632
1957673
1957706
1957718
1957746
1957791
1957816
1957822
4524320
8172949
1957845
1957852
1957854
1957870
4524421
4524424
4524426
8775810
5143944
5143947
5143952
1958024
1958045
1958049
11554842
1958065
5143960
5143964
1958121
1958152
1958158
1958163
1958241
1958252
1958255
1958259
1958260
1958275
1958282
1958290
1958305
1958307
1958323
1958324
6544637
1958422
1958454
1958463
1958483
5144027
1958515
1958528
1959341
1959379
1959383
1959395
1959423
1959436
1959461
1959467
1959473
1959494
1959500
1959543
1959595
1959637
1959645
1959652
1959666
1959667
1959682
1959735
1959782
1959799
1959839
6133552
1959858
1959876
1959890
1959898
1959914
1959917
1959919
1959934
1959948
9320916
1960002
1960004
4702961
10694777
1960023
1960090
1960105
1960106
1960128
1960166
1960181
1960182
6133509
1960201
1960255
1960268
1960315
1960411
1960484
5144092
5144093
5144115
5144129
1960503
1960521
1960524
1960571
1960595
1960617
6133518
1960632
1960686
1960854
1960940
1960941
1960951
1960963
1961013
1961025
1961037
1961040
5734344
1961052
1961068
1961126
1961155
1961162
7346236
1961180
1961190
1961252
4302240
9468667
1961361
7741315
1961388
1961647
1961718
5144204
10650351
1962051
1962076
1962086
1962118
1962120
9368382
9592714
1962204
1962265
1962268
5144227
5144318
1962432
1962434
1962447
1962479
1962490
1962516
9812211
10004969
1962584
4524568
1962636
1962656
1962657
1962659
1962678
1962689
1962722
1962727
9264326
1962829
1962839
1962841
1962842
1962860
1962895
1962900
1962925
1962934
1962961
1962972
1962990
1963011
4302252
1963052
10084195
5734349
1963168
1963201
1963207
1963212
1963297
12214993
1963306
5144345
1963425
1963433
1963446
1963463
1963587
1963619
1963629
1963633
1963709
1963710
1963733
1963755
5144353
1963782
1963827
1963848
1963854
1963874
1963879
1963892
5144363
11644349
1964024
1964025
1964029
6133500
1964041
1964066
1964076
1964113
1964116
1964137
1964141
1964143
1964144
1964151
1964153
1964155
1964158
1964174
1964189
1964191
1964195
1964247
1964305
1964316
1964331
1964401
1964437
1964471
6133502
1964565
1964585
1964637
1964653
1964657
8361848
1964698
1964702
1964715
1964738
1964836
5144424
5144426
1965024
1965038
1965058
1965069
1965078
1965100
5880367
6214734
1965166
1965197
1965208
1965345
1965586
1965640
10184940
10523304
1965643
1965649
1965650
9952367
9976926
1965671
1965697
1965699
1965763
1965777
1965794
1965795
1965797
1965805
1965807
1965810
1965823
1965825
1965831
1965838
1965841
1965861
1965865
1965887
1965913
1965996
1966017
5144431
5144438
5144457
5144472
9919915
1966088
9370070
1966185
1966195
1966198
5144499
1966255
1966286
1966302
1966310
5734448
10670854
1966351
1966358
1966362
1966367
1966854
1966886
5144505
5144534
1966977
1966978
1967003
1967006
1967011
1967025
1967039
1967127
1967128
5144543
1967209
1967212
1967226
1967240
1967245
9277294
9492499
1967265
1967273
1967324
1967346
1967433
1967438
1967445
1967452
1967590
1967595
1967597
1967606
1967672
1967688
5144553
1967703
10174909
10268303
10379201
1967716
7346240
9833933
1967803
1967815
1967873
1968115
1968131
1968147
1968182
1968193
1968205
7681733
5144554
5144558
5144564
5144575
8793278
1968304
1968313
1968315
1968321
1968324
1968363
1968538
5144583
5144588
5144593
5144596
5144597
5144633
1968678
1968686
1968730
1968746
1968837
1968867
1968942
1968951
11598540
1968990
1969104
1969291
1969339
1969357
1969463
1969491
1969568
11858774
1969581
6133643
1969621
1969954
1969958
1969961
1969978
4523707
1970034
1970093
1970094
1970108
1970119
1970136
1970145
1970148
1970150
1970159
10088253
1970213
1970227
1970243
1970259
1970265
9939530
1970284
1970322
10085335
10109201
10505033
10054019
1970436
5734405
6133513
7346252
5144677
5144691
5144721
5144729
5144782
5144787
5144805
5144806
5144864
5144870
5144880
5144900
5144935
5144936
5144937
5144942
5144953
5144976
5145009
5145075
5145078
5145079
5145136
5145139
5145186
5145238
5145255
5145260
5145269
5145396
5145409
5145422
5145466
5145468
5145495
5145502
5145503
5145521
5145522
5145547
5145560
5145624
5145713
5145729
5145735
5145842
7700568
7753668
8014296
9194811
9627567
1971835
1971847
1971852
1971858
1971888
1971986
1971995
1971998
1971999
1972010
6133516
1972094
1972101
1972120
1972185
1972187
1972234
1972250
1972278
1972342
1972374
1972377
5145870
5145965
5145998
5146030
5146038
5146062
5146082
5146091
7541913
7624494
7960566
1972407
1972434
1972443
1972447
1972449
1972454
9558845
4702783
4702784
5146179
5146253
1972606
9119710
1972613
1972614
1972616
1972620
1972631
1972691
5146262
10732353
11533770
1972754
1972797
1972800
1972806
5146282
1972903
5146294
1973146
1973147
1973164
1973165
1973171
1973242
1973245
1973300
1973323
1973327
1973338
1973358
1973393
1973397
1973414
1973487
1973493
1973665
1973719
7996464
10404426
5146420
5146426
5146434
5146440
5146456
5146472
5146476
5146483
5146496
5146497
5146508
5146510
5146525
5146528
5146559
5146566
5146567
5146578
5146598
5146599
5146601
5146608
5146611
5146651
5146659
5146677
5146693
5146719
5146720
5146746
5146752
5146762
5146763
5146774
5146786
5146805
5146815
5146820
5146832
5146833
5146837
5146842
5146852
5146856
5146862
5146880
5146883
5146894
5146899
5146908
5146920
5146927
5146937
5146946
5146961
5147002
5147018
5147030
5147038
5147039
5147041
5147043
5147046
5147058
5147062
5147071
5147099
5147109
5147114
5147121
5147139
5147145
5147150
5147155
5147160
5147165
5147171
5147179
5147193
5147208
5147211
5147212
5147214
5147225
5147232
5147245
5147259
5147287
5147306
5147319
5147354
5147395
5147415
5147437
5147441
5147478
5147492
5147498
5147513
5147516
5147522
5147534
5147560
7919880
7988195
8067894
8366158
9370933
9469300
9590066
1975164
1975198
1975212
1975248
1975249
9975134
10018221
10572729
6133559
9875420
1975287
5147608
5147638
1975341
1975365
11856219
1975546
1975553
1975571
1975583
1975597
1975607
9477531
1975704
1975711
1975722
1975733
1975741
8329661
1975793
5715277
5715278
8160782
1975805
1975806
10835542
1975892
1975897
1975903
1975914
1975964
1975979
5734539
9356491
9410573
9548993
1976073
8793324
1976123
1976142
1976163
1976212
1976213
1976224
1976228
1976243
1976248
1976255
1976303
1976311
1976333
8820198
1976341
1976342
1976345
1976462
1976463
1976469
1976470
1976483
10118849
9183738
5147681
5147703
5147713
6097233
7973517
8414310
8955497
1976651
1976746
5147794
10089194
1976890
1976891
1976928
1976933
1976934
1976939
1976941
1976993
1977003
1977007
1977054
1977068
4523725
5147819
5147827
5147834
5147838
5147858
1977182
1977184
1977297
1977300
1977350
5147868
5147871
5147879
5147883
5147894
5147898
5147899
5147909
8951618
5734420
6133548
5147917
5147923
5147930
5147968
5148043
5148055
5148066
5148096
5148097
5148115
5148184
5148214
5148223
5769028
1977759
1977764
1977767
1977773
5148247
5148248
10188228
1977813
1977833
1977863
6133582
9617496
1977962
1977967
1977971
1978010
1978017
1978034
1978045
1978056
1978065
1978082
1978114
1978268
1978274
1978281
1978282
1978283
1978375
1978385
1978398
1978405
1978407
1978422
1978424
1978445
9308082
5734388
1978464
1978493
1978494
1978499
10058263
10626099
1978524
1978526
1978529
4524636
4524638
5734519
6133560
10712554
4524890
4524902
1978671
9243264
5148252
10738407
5148264
1978751
1978770
1978776
1978789
1978821
5734396
5148277
5148280
5806132
10530515
1978904
1978915
1978919
1978937
1978958
1978959
1978977
1978996
1978999
6133546
1979021
1979041
5148286
1979222
1979229
1979255
1979289
1979308
1979344
1979358
1979380
1979427
1979430
1979473
1979475
1979501
4702599
4702603
4702609
1979521
1979561
1979562
1979721
1979726
1979758
1979781
1979787
1979801
1979806
1979822
1980025
1980035
1980041
1980044
1980055
1980063
1980068
1980245
1980247
1980250
1980269
1980290
5148379
5148394
5148424
5148436
5148462
5148475
5148486
5148487
1980491
1980505
1980509
1980521
1980525
1980532
1980533
1980559
11449815
1980659
1980694
10378314
10571987
1980811
1980821
1980827
1980917
8421569
1981063
6133585
1981144
1981160
1981161
1981162
1981191
1981202
1981209
1981210
1981222
1981252
1981258
1981277
1981280
1981281
1981284
1981312
1981357
1981457
10860751
11660632
1981696
1981718
11173690
10247981
10592969
7345811
7345813
1981937
1981938
1981951
1981959
1981973
5148520
1981998
1982007
1982024
1982033
1982043
1982047
1982055
1982071
1982072
1982085
1982100
1982102
1982103
1982120
1982148
1982203
1982221
1982267
1982291
12116722
1982406
1982447
1982458
1982500
1982525
1982529
1982533
1982541
1982542
1982592
1982613
1982636
1982671
1982746
1982770
1982779
1982780
1982790
1982791
1982824
1982838
1982865
1982867
1982885
1982898
1982918
1982924
1982951
1983000
1983034
1983039
1983052
1983062
1983101
1983111
1983170
1983260
1983263
1983288
1983387
1983393
1983434
1983441
1983442
1983491
1983525
1983528
1983548
1983558
1983648
1983705
1983709
1983755
1983756
1983799
1983888
1983896
1983922
1983967
1983997
1983999
1984033
1984073
1984110
1984117
7752082
7993353
8015895
8026858
8262357
8394261
9577547
5148531
5148544
5148576
5148593
9237621
9307713
9370312
9424464
9488754
9544337
9610059
5148719
5148743
5148753
5148766
5148850
5148934
5148952
5148954
1984654
9382415
11121180
5149012
1984734
5149081
5149136
5149174
5149182
5149203
10199372
1984913
1984942
1984949
1984954
1985061
1985152
1985158
1985167
1985181
1985191
1985192
1985228
1985230
1985267
1985405
1985406
1985409
1985421
1985423
9332369
1985485
1985487
1985490
7905361
1985522
1985573
5149222
5149237
1985647
1985707
6133659
1985734
1985742
1985760
1985809
1985816
1985826
1985926
1985931
1985945
1985952
1985956
1985993
1986004
1986009
1986020
1986032
1986040
1986052
1986054
1986056
1986061
5734345
1986091
1986101
1986113
1986157
1986166
1986171
1986191
1986192
1986220
1986223
1986367
1986452
1986497
1986508
1986522
1986575
1986604
1986623
4702731
1986650
1986693
1986720
1986774
1986779
1986787
1986807
1986846
1986877
1986906
1986936
1986942
5149307
5149308
5149315
6133614
1986998
4302274
5149317
1987145
1987146
1987203
1987204
5768880
1987301
1987330
1987362
1987377
1987527
9137631
1987578
4525091
4525093
4525097
4525103
6118530
6214843
9538525
1987629
1987633
1987650
1987665
1987737
1987740
1987744
1987747
1987766
1987767
1987775
1987776
1987785
1987786
1987787
6133591
4524221
4524223
10533589
5149369
5149370
5149371
5149387
9987116
1987855
4702892
4702893
4702911
4702912
11650277
6133534
11190148
1988002
1988007
1988019
1988064
4524513
5734451
1988225
1988257
1988302
1988306
1988354
1988360
1988361
1988362
1988370
1988376
1988382
1988384
1988390
1988420
1988487
1988495
1988506
1988593
1988602
1988642
1988684
7555991
8388883
1988762
5149414
5149438
1988820
1988881
5734528
6133644
1988894
1989083
1989084
1989170
1989181
1989282
1989283
1989355
1989377
1989393
1989428
1989522
1989538
1989582
1989903
1989942
9906229
1990043
1990050
1990066
1990088
1990105
1990150
1990155
5734390
1990164
1990165
1990167
1990178
1990198
1990200
11465014
1990255
1990256
1990270
1990331
1990335
1990357
1990371
1990533
1990551
1990582
1990594
5149474
1990998
1991012
1991123
1991179
6133501
5149609
1991277
1991280
1991281
1991289
1991294
1991295
1991298
1991299
1991303
1991310
5149630
5149631
1991371
1991378
1991394
1991405
1991410
1991429
1991468
1991532
1991779
1991783
5149836
5149839
5149843
1991846
10155932
11098546
11869776
1991945
5734515
11635419
1992066
5149873
5149880
5149929
5149940
5149941
5149986
1992167
1992172
8180900
6133619
5734398
12010643
12225687
5880512
5880533
5880539
5880545
5880550
5880552
5880559
5880563
7657419
8237343
8632989
8941993
9110918
9243319
9251088
9259786
9261296
9272461
9311081
9330467
9339487
9366016
9368398
9392058
9392076
9400977
9402536
9413168
9419734
9428900
9438677
9454444
9456004
9474405
9489399
9502724
9530135
9532702
9558873
9574939
9616438
9624918
9632824
5769062
5769068
5769072
7429212
9442902
11654024
7507369
9414984
9563355
1989594
4524740
5144381
5144386
5144407
9533293
7990739
4302221
9621086
4302230
4523556
4523560
4523564
4524052
4524054
4523486
4523461
4524998
4525034
4524376
4524822
11828714
4524712
10422582
10574156
10632124
4523522
5880392
6133595
6133596
6133597
9577234
9281181
9352348
9352978
9403481
9436173
9448761
9453490
9494431
9516038
9516680
9523379
9534291
9545331
4522974
4524541
4523519
4524070
4524072
4524403
4524793
4524914
4524922
4524929
4524951
4524955
4524961
4524962
10530208
11555221
4525078
6119299
6119323
6119359
6119488
6133667
6133670
6133673
6133674
6133675
7346249
9220953
9249651
9288979
6133637
6133620
6133519
11780161
6133604
10224300
9830270
6133607
10629052
7346237
11799357
9307098
9423863
9497623
9581695
9619088
6133520
6133562
10864093
9273963
5734379
11548960
9479525
7345819
6133523
6133525
6133528
6133542
6133497
6133498
4702878
9237031
9274899
10477629
6133575
9962269
9321500
6133517
10078800
8501203
10464824
9299326
9309575
6133586
9629450
6133635
10175639
9617411
9932090
7346256
10438474
7345829
11652557
5734535
7345801
10411202
5734362
11477039
10146771
5880478
6133540
10755716
9415669
5144190
5144196
5715276
5146412
5715275
5768597
5734482
10221195
10288719
1978197
9363893
9391442
5149499
5149569
7769543
8851663
1954338
1954344
1954346
1954351
1954353
1954356
1954359
4523880
4523883
4523885
10210935
10263383
5149659
5149664
5149665
5149667
5149704
5149713
5149717
5149746
5149753
5149768
5149777
5149780
5149782
5149784
5149787
5149811
5149819
5149820
5734422
7443518
5146303
5146305
5146326
5146335
5146342
5146379
5146389
1991462
1991466
1963532
1987602
1954382
1980462
1972942
4302268
4524393
9256786
9291092
5150002
5150027
5142358
12200261
11470872
11654707
11776315
11834445
11892494
11794114
10713577
12252926
11423843
11670842
11729494
12173621
12247340
12252340
12239491
12258146
1942522
1942060
1942067
1942098
1942141
1942170
1942171
1942206
1942244
1942251
5141643
12286003
1942327
1942341
1942370
1942372
10773498
1942378
1942383
1942416
1942455
1942509
4301744
4301749
1942558
1942618
1942621
1942623
1942636
1942641
5141650
1942670
1942674
5141662
1942697
1942715
1942762
1942769
1942790
1942793
1942808
1942836
4689929
1942854
5141677
1942878
1942945
1942947
1942964
1942967
1942971
1942980
1942982
1942994
5141697
1943054
1943066
4302008
1943089
1943090
1943096
1943101
5141743
5141763
4689912
1943212
1943223
1943236
1943250
1943308
1943397
4535386
8178854
8277078
5141795
1943475
1943505
1943519
1943563
1943571
1943573
1943588
4301355
1943619
1943625
1943631
1943655
1943673
1943757
1943823
1943824
1943830
1943832
1943901
1943936
12198522
12233808
12243973
1943942
1943953
1943954
1943960
1943962
1943964
1943990
1944004
8073674
8133678
8273661
1944106
1944113
4689963
1944234
1944273
1944275
1944283
1944286
1944314
1944324
1944329
1944335
1944343
1944361
1944374
1944421
1944456
1944462
1944483
1944503
1944504
1944520
1944521
1944523
1944574
1944580
1944591
1944618
1944619
1944627
1944629
1944631
1944635
1944638
4689905
1944744
1944769
4301934
1944778
1944798
1944815
1944832
1944910
5141913
6205994
9551544
1944977
5141924
1945066
9050611
1945081
1945088
1945122
1945137
1945143
1945173
1945225
1945227
1945270
1945274
1945286
1945302
1945312
1945396
1945462
1945476
1945477
1945535
1945569
1945571
1945587
1945589
1945605
1945694
1945710
1945715
1945738
1945742
1945748
1945786
1945814
1945837
1945856
1945863
1945874
1945877
1945878
1945893
4301942
5142001
1945957
1945980
1946019
1946037
1946051
1946058
1946067
1946074
1946078
1946079
1946097
4301426
1946145
1946163
1946167
1946174
1946177
5142061
5142062
1946290
1946310
1946327
1946333
5142067
1946432
1946469
1946486
12223105
12233838
1946495
1946500
1946509
4302101
1946520
1946544
1946550
1946577
1946582
1946610
1946612
1946618
1946628
7346354
1946660
1946661
1946695
1946720
1946731
1946737
1946738
1946756
1946763
5142086
1946810
1946853
1946865
7389824
1946901
1946916
1946917
11753578
1946980
1946981
1946983
1946989
1946991
1946992
1946995
1946999
1947021
1947037
1947048
1947049
1947055
1947112
1947113
1947117
1947147
5142130
5142160
1947282
1947306
1947333
1947335
5142166
5142175
5142176
1947385
1947402
1947409
1947446
1947449
1947456
1947459
1947491
1947492
1947496
1947506
1947507
1947568
1947577
1947587
1947588
1947597
1947626
1947661
1947673
1947703
1947727
1947740
1947745
1947753
1947765
1947775
5734665
1947805
1947842
1947846
1947890
1947894
1947915
12208168
1947973
1947976
1947979
1947980
1948042
1948046
1948054
1948061
1948062
1948073
1948088
1948158
7603634
1948371
5142213
1948439
1948446
1948464
1948465
1948521
1948630
4301945
1948823
1948826
1948858
1948861
1948865
1948883
1948890
8792353
1948941
1948947
1948994
1949008
1949015
1949049
1949068
1949105
12353663
1949219
1949285
1949322
1949331
1949336
1949366
1949404
1949419
7346351
8828146
9068968
5142338
5142352
1949449
1949451
1949466
1949492
10574663
1949512
1949515
1949520
1949544
1949545
1949549
1949592
1949621
7726809
9395000
10202439
1949687
1949697
1949715
1949784
1949794
1949850
1949852
1949877
1949929
1949938
1949954
1950006
5142372
5142394
5142424
5142436
5142499
5142583
5142599
7683096
8109173
1950013
7346356
1950017
1950019
1950024
4301876
1950044
1950047
1950052
1950133
1950153
1950156
1950169
1950171
1950197
1950243
1950272
1950302
11967675
1950362
1950384
1950396
1950408
1950409
1950521
1950533
1950567
1950578
1950591
1950654
1950767
1950856
1950877
1950879
1950936
1951062
1951072
12231344
1951097
1951103
1951116
1951121
1951125
1951133
1951157
1951170
1951217
1951218
4301897
5142822
5142825
5715127
12180041
12206694
1951340
5142829
5977179
5977185
5977197
5977203
5977207
5977208
5977214
5977216
5977220
5977235
5977247
5977250
5977251
5977257
5977259
5977260
5977261
5977262
8270406
5142249
5142254
5142267
5142269
5142273
5142278
5142283
5142298
5142300
5142314
5142317
5142319
5142322
5142328
7633472
5142725
5142729
5142730
5142749
1948771
1948774
1948779
1948789
1948799
1948800
1948802
1948803
1948804
1948808
1948809
1948810
1945374
1945378
1948916
10715410
4535396
5142006
5142032
5142042
12175154
12263736
1869467
1869478
1869489
1869512
1952878
1952883
1952909
9359597
5769709
1735844
1735855
9400895
9530977
9245604
10744228
10963226
10982815
1800191
5109821
1758613
9355953
1758727
1758767
1758771
1758781
1758783
7911151
9366762
9445489
5108416
5108417
5108419
1758839
1758850
1758874
1758878
1758879
1758898
1758906
1758916
1759037
1759040
1759041
1759055
1759069
1759079
1759083
1759092
1759097
4533952
7972792
9447614
1759153
1759159
4533211
1759177
1759338
1759407
1759553
1759563
1759573
1759585
1759597
1759605
1759610
1759611
1759620
1759621
1759624
1759631
1759632
1759633
1759634
1759661
1759667
1759668
1759671
1759673
1759677
1759678
1759686
1759688
1759691
1759694
1759719
1759799
5108619
5108636
1759881
9306367
10329023
1760104
1760172
1760173
1760175
1760261
1760309
1760361
7444489
9060267
1760454
1760455
1760593
1760620
1760682
1794361
4533957
4534225
8708745
1760857
1760867
1760887
1760891
1760893
4533255
1760939
1760943
5108957
5108958
1761041
1761143
1761392
1761438
1761439
1761498
1761553
1761563
1761735
1761778
1761788
1761789
1761798
1761865
1761892
9418549
9616055
1762244
1762271
1762383
6132749
1762608
1762609
1762615
1762657
6132957
1762680
1762900
1762902
5109498
5109506
5109523
5109535
5109554
5109566
5109596
5109599
5109614
5109646
5109651
5109661
5109670
5109722
9337858
1763610
1763697
8167743
1763727
1763741
9328683
9438913
1764174
1764178
1764238
1764553
1764673
1764686
1764690
1764691
1764693
1764716
1764791
1764917
1764929
1764986
1764987
1765010
1765011
1765017
1765038
1765044
1765069
1765073
4534245
4534250
4534252
4534257
4534275
1765155
1765172
11797244
5109829
5109830
5109843
5109845
5109848
5109850
5109852
5109855
5109870
5109872
5109881
5109882
5109898
5109931
5109943
5109954
5109958
8352161
1765508
1765604
1765658
1765733
11487320
1765767
1765769
1765779
1765798
4687817
4687827
7800469
1765898
1765954
1765962
1766072
1766086
1766128
1766130
1766131
1766137
1766193
1766205
1766210
4534691
1766237
1766274
1766285
1766287
1766392
1766410
1766418
1766489
1766509
1766510
4301071
4301081
7895336
9362190
1766646
1766650
1766718
1766721
1766741
1766773
1766784
1766814
1766910
1766917
1766919
1766921
11034779
1767052
1767134
1767140
1767142
1767335
1767336
1767337
1767338
1767347
1767368
1767381
1767393
1767430
7598945
9062262
9105656
1767484
9471709
1767511
1767571
1767579
1767584
9511345
1767597
1767602
1767608
1767612
1767625
1767628
10575632
10597823
1767655
1767674
5110120
5734744
5772169
5772171
5772172
5772176
5772178
5772180
5772186
5772196
5772199
5772202
5772205
5772206
5772210
5802396
5883914
5883925
6132943
7345742
7388922
7768584
8045644
9356770
9381852
1767719
1768042
1768048
1768117
1768132
1768150
1768172
1768174
5110200
1768308
1768341
5110211
5110213
1768546
1768554
1768557
1768560
1768568
1768698
1768702
1768727
1768729
1768735
1768741
1768749
1768771
1768815
1768819
5110256
5110258
1768972
8150836
1769029
1769057
1769095
1769114
1769194
1769209
1769225
1769245
1769250
1769260
1769271
1769272
1769283
1769293
1769294
1769298
1769302
1769308
1769310
4688049
4688075
4688092
4688098
9493016
1769505
1769519
1769543
1769566
1769592
9373686
1769814
1769934
1769944
1769947
1769958
1769978
1770132
1770144
1770150
9148810
1770172
1770307
1770353
1770416
1770461
1770477
1770530
1770573
4532696
8393221
1770659
1771357
1771385
1771391
1771441
7725644
1771509
1771531
1771555
4532986
1771872
1771997
1772013
9242609
9244973
9254157
9396755
9463442
9476708
9495306
9562175
9616658
9625112
9630930
9633562
1772043
1772094
6133806
1772169
1772179
5110333
5110341
5110356
9539128
1772255
5772129
1772422
1772462
9605631
1772668
4687565
1772940
1772954
1772956
1772977
1773002
1773062
1773069
1773081
1773163
1773231
1773248
1773309
1773313
1773315
1773328
1773377
1773484
1773510
1773572
1773577
1773662
1773677
1773728
4301148
8222049
9369576
1773742
1773743
1773744
1773746
9367674
9399288
9593475
1773783
1773784
9283948
9560018
1774092
1774095
9322646
1774243
1774253
1774254
1774262
1774268
9243117
9409309
9550265
1774272
1774314
1774347
1774358
1774470
1774792
1774797
4301304
6115946
6115953
1774859
1774873
1774878
1774918
1774959
1775046
1775055
9547676
10032003
1775089
1775112
1775118
4534046
4534052
4534057
1775172
1775279
1775290
1775291
1775299
1775301
1775329
1775508
1775509
1775631
5110593
5772269
1775672
1775680
1775791
5883881
1775866
1775891
1775913
4534719
1775962
1775963
1775970
1776067
1776167
5110670
1776182
1776207
1776330
1776371
5110723
5110728
5110752
5110754
5110756
5772446
1776397
1776406
1776415
1776459
1776462
1776467
1776470
1776472
1776473
1776476
1776618
1776619
1776861
1776862
1776871
6132861
1776880
4534463
1777120
1777139
1777253
1777261
5110818
1777727
1777728
1777730
9310286
5110858
5110863
5110871
5110885
5715009
5715010
5715013
1777974
1777976
1777980
1777982
1777994
1777996
1778000
1778006
1778007
1778013
1778015
1778024
1778031
1778033
1778034
1778037
1778045
1778049
9456735
1778074
4534299
1778109
1778127
1778143
1778337
1778517
1778524
1778534
1778596
1778688
5111064
5111076
5111139
5111141
5111147
5111195
5111214
5111249
5111343
5111360
5111372
5111397
5111481
5111501
5111513
5111521
5111528
5111535
5111546
5111568
5111574
5111600
5772222
7593392
8253467
9175037
9596498
1779258
1779269
1779276
1779382
1779430
1779435
1779633
1779641
1779643
1779690
1779709
1779713
1779959
1780049
1780072
1780209
1780213
1780214
1780215
1780272
1780309
1780313
1780326
1780330
1780344
1780378
1780390
1780407
1780414
1780437
1780440
1780450
8802610
9284849
1780852
4533937
1780926
1780928
1780954
1781008
1781016
4533285
4533325
7664771
7825945
9374443
9392614
5111956
1781233
1781234
5111967
5111974
5111980
1781692
1781694
1781803
1781819
1781841
1782031
1782168
1782177
1782319
1782341
1782354
1782422
1782424
1782457
1782466
1782523
11763567
1782542
1782543
1782560
1782579
1782585
1782595
9289753
9433772
9525172
1782615
1782622
1782627
10441062
1782672
1782682
1782689
1782700
1782705
1782706
1782707
1782708
1782709
1782726
1782727
1782743
1782744
1782745
1782747
1782757
1782762
1782763
1782776
1782777
1782803
1782808
1782809
1782819
1782822
1782826
1782833
1782837
1782840
1782841
1782853
1782870
1782871
1782872
1782878
1782921
1782927
1782928
1782934
1782948
1782961
1782972
1782978
1782993
1783002
1783008
1783013
1783016
1783035
1783037
1783043
1783045
1783055
1783059
4301044
4687661
6133026
9581976
1783090
1783313
9457757
9500945
1783371
1783372
1783373
1783376
1783378
5112153
5112155
5112160
5112191
5112199
5112229
5112233
5112254
5112283
5112291
5112302
5112336
5112345
5112377
5112388
5714951
5714973
5714984
5714994
5715004
5734845
5772349
5772351
7921916
8043500
1783777
1783811
9348210
9465978
9492640
1783841
1783842
1783855
1783861
1783940
1783971
1784276
1784278
1784281
1784282
1784283
1784349
1784359
1784422
1784461
1784513
1784582
1784591
1784610
9320776
1784688
5112414
1784761
1784812
1784824
1784826
1784853
4534290
1784893
1785145
1785149
1785162
1785166
1785168
1785181
1785185
1785217
1785220
1785280
1785286
4532886
4532888
4532890
9633615
1785314
1785322
1785329
1785331
1785361
1785367
1785399
1785403
9636267
1785462
1785725
1785728
1785730
1785732
1785733
7400814
9250744
9329292
5112457
5112460
5112461
5112464
5112465
5112467
5112469
5112474
5112475
5112480
5112481
1785875
1785883
1785886
1785887
1785888
1785895
1785951
1785955
1785964
1785982
1785992
1785997
1786007
1786017
8292872
1786035
1786036
1786308
1786360
1786448
1786452
1786455
1786514
1786515
1786565
1786566
1786567
1786573
1786619
1786651
1786658
1786664
1786691
1786733
1786808
1786902
1786918
1786936
1787064
1787112
1787165
1787185
1787213
1787226
1787264
1787267
1787279
1787367
1787373
1787381
4687681
9268082
9305798
1787400
1787417
1787438
1787504
1787506
1787590
1787610
1787631
1787697
1787751
1787770
1787825
1787841
1787859
1787905
4534086
7917033
1788034
1788037
1788063
1788070
1788139
9547140
10161728
1788425
9282469
1788485
1788522
1788673
1788677
1788679
1788680
1788681
1788720
4301312
1788734
9216200
4534011
4534017
1788846
1788856
1788917
1788929
1789071
1789073
1789076
1789086
1789155
9612009
1789212
1789250
1789255
1789267
9805848
1789403
4533882
4533924
9248329
9449132
1789481
1789491
1789505
1789553
1789580
4534162
4534166
4534170
4534194
4534198
1789637
1789694
1789695
1789730
1789745
1789753
1789755
1789783
1789785
1789840
1789849
1789957
10068024
10113008
10290084
10312073
10904813
1789982
1789984
1790002
1790013
1790023
1790059
1790062
1790072
1790084
1790151
1790153
1790160
4533115
8047343
9092175
9410414
1790339
1790343
11693171
1790359
1790361
1790362
1790364
1790369
1790371
1790376
9174377
1790625
1790671
1790737
9297059
1791331
1791384
1791422
4687906
1791590
1791593
1791660
1791680
1791758
1791784
1791793
1791837
4687930
1791846
1791862
1791870
1792061
1792072
1792073
1792087
1792091
1792095
1792096
1792097
1792099
9426771
9622117
1792292
1792300
1792318
1792335
1792377
1792379
1792383
9241669
9338769
9530319
9548726
1792411
1792414
1792418
1792426
1792430
1792431
1792442
1792449
1792456
1792465
1792475
1792478
1792485
1792497
1792517
1792645
10684776
5113365
9240216
1792768
1792817
9233420
9539292
5113370
1792996
1793189
1793192
1793212
1793238
1793243
1793246
5113394
1793368
1793369
1793419
1793453
1793455
4301052
4301055
7918000
1793589
1793661
1793689
1793699
1793877
1793983
1793986
1794102
1794351
1794425
1794507
1794510
1794532
1794534
1794590
1794599
1794609
4301238
11781335
1795065
1795068
4532908
6133011
1795110
1795180
1795215
1795282
7869346
1795483
7922810
1795597
1795788
1795802
1795812
1795854
1795862
1795871
1795896
1795900
1795930
1795946
1795957
1795983
1796007
1796032
1796035
1796040
1796051
1796100
1796117
1796139
1796145
1796154
1796169
1796180
1796181
1796188
4534485
4534486
7438067
8007222
9377268
9541908
1796217
7780930
1796274
1796276
4532700
4688166
4688169
4688172
7383338
7689966
7882824
8405656
9256638
9327259
9589234
9803522
1796310
1796312
1796423
1796451
1796463
8105817
1796678
1796686
10690739
10700540
10706419
10716234
10732033
10741837
10747908
10799294
10814936
10824750
10840540
10840565
10850393
10850415
10866199
10891794
11539735
11858666
1796791
1796842
1796958
1797030
1797587
1797592
1797593
1797595
1797601
1797735
1798060
1798084
4301242
4301249
4301255
4533431
4533433
4533442
4533444
4533446
6133001
6133002
6133006
6133007
6133010
1798090
1798288
1798371
1798372
1798375
1798419
11992983
1798916
1798922
1798931
1798971
1798974
1798984
1799132
1799135
5113951
5113985
5114011
5114021
5114039
5114043
5114081
5114083
5114096
5114107
5114128
5114151
5114159
9500553
1799433
1799675
1799680
1799695
1799701
9368026
9593098
1799774
9388726
9571514
1799799
1799870
1799877
1799880
1799884
1799894
1799900
1799901
1799911
1799917
1799925
1799938
1799944
1799956
1799957
1799958
1799967
1799977
1800004
1800017
1800024
1800028
1800032
10446574
1800149
9536457
1802776
9496311
6097260
8729319
7712384
7981386
8304206
8742426
9069966
4301068
4534389
4534207
10638451
4301282
4301283
4301306
4301307
8751100
9395261
9564779
4532273
4532283
4532811
12103087
4534663
4534669
7558165
8050639
8440999
8551997
8562506
8647523
8761810
8781370
8998296
9042018
9163659
9241105
9247947
9255102
9261458
9281907
9288185
9291297
9362785
9373309
9390293
9424681
9452702
9474256
9481002
9484411
9485070
9488551
9530271
9530928
9533506
9534429
9544558
9545480
9552253
9573163
9577379
9590907
9591877
9594509
9595155
9602019
9634575
4533273
4534540
11922580
8890502
9135821
4534038
4533202
4534398
9406822
9432810
6544687
4534538
4534360
4532269
4533123
4533125
4533128
4533136
4533661
4533663
4533671
4534408
4534458
4534533
9248830
9363692
9556427
9597741
9503548
6116341
6116368
9415435
9424082
9610447
10659737
6132989
6132762
7589577
7779226
8818378
8928353
9538684
9486411
6133075
7717385
8424964
9511749
10378302
9890366
9910243
5883985
6132781
10967713
11054256
10118643
9875111
9342344
8021109
9496896
9629365
11478679
9478331
10121804
11311045
5108640
5110377
5110644
7654770
6116899
6132797
1774283
1774285
1779334
5114189
5114192
5114198
11452421
11466090
11470672
11590674
11615055
11619030
11626773
11627464
11660145
11713256
11749278
11753804
11781300
11859640
11887065
1763072
5109259
5109270
5109299
5109345
5109349
5109369
5109385
5109407
5109413
5109418
5109437
5772063
8755207
8943174
9038042
9307254
9334639
9387782
9404919
9506719
5112130
5112131
8491927
4534675
4534681
4534683
4534685
4534686
4688142
6116440
9244066
9551316
7398419
1792555
1792560
1792564
8108800
1800130
1800140
1771634
1771650
1771675
1771678
1771698
8581601
9549172
9623131
1774929
1770772
1770773
1770821
1770828
1770849
1770869
1770880
1770918
1770955
1771019
1771040
1771055
1771067
1771143
1771169
1771203
1771204
1771214
1771245
1771296
1771308
4533695
4533714
4533720
6132931
7940536
1765751
1765752
10841562
5113847
5113853
5772309
5108660
5108665
5108670
5108671
5108705
5108724
5108737
5108752
5108761
5108787
5108794
5108796
5734817
6132880
9243764
9374637
9586329
1768196
1768199
1768201
11783188
4534525
1773901
1773904
1759351
1759394
1789512
1789530
4533344
4533345
4533347
4533360
4533362
9490756
10370112
10933525
5110282
11437060
11566649
11615549
11714235
11731155
11819666
1797793
1797864
1797903
1797942
1797965
4532203
4532206
4532208
4532216
4532236
4532239
4532253
4532260
4532264
4532266
6115772
6115793
6115820
6115822
6115830
8103163
9893740
1782249
1782267
1782273
1782277
1782279
1782289
1781248
10063383
1767259
1767293
1767302
1792814
8363507
11501104
9325654
1776094
9354669
10458175
10683012
10702885
10658576
10714961
10867462
1822257
1822346
9253819
9517291
9561820
1822487
1822490
1822493
11562243
1822587
1822610
1822613
5118459
5118474
5118509
5118524
1822667
9778438
1822784
1822787
1822788
1822796
1822805
1822819
1822830
1822848
1822852
1822916
1822917
1823294
1823444
6133742
1823493
1823573
5118565
1823604
7346263
1823637
6133720
1823706
10996761
1823726
5118582
1824080
1824113
1824117
1824121
1824131
1824189
1824242
5734235
6133692
7875265
5118798
1824259
1824280
1824330
1824338
1824354
1824390
1824442
1824449
1824571
1824666
1824751
1824766
1826020
1824845
5118828
1824997
1825064
5118859
1825077
1825082
1825083
4534909
4534914
9426054
1825156
1825176
4534826
1825218
1825238
1825336
7346284
1825373
1825391
1825428
1825430
5118892
5118904
7624468
7937573
8397564
1825539
5118934
5118944
5118949
5118974
5118978
1825786
7345777
1825920
1825950
1825956
1825967
1825971
1825983
1826017
1826022
1826033
1826048
1826058
1826084
1826108
1826129
1826156
1826163
1826164
1826167
1826169
1826172
1826173
1826175
1826181
11322712
5118996
5119000
6133700
1826222
10510959
11059353
6133750
5119009
5119011
5119013
5119016
5119026
5119039
5119046
5119050
10115073
1826772
9807789
1826823
1827103
1827112
1827113
1827125
1827132
1827133
1827145
1827161
5119143
1827349
1827408
1827414
1827429
1827484
1827507
4534869
6133691
9883140
5119181
5119183
5119193
5119211
5119223
5119239
5119245
1827645
1827649
1827650
1827687
1827711
1827716
1827775
11905965
1827802
1827810
1827826
1827829
1828105
11435704
1828162
1828180
4534872
1828268
6201790
10194663
10551923
9454052
7346286
9255512
6133680
6133681
6133684
6133687
6133688
7346276
9921001
5118837
5118841
7346271
7346273
9486293
1822502
10043566
10266782
1896863
1903598
1892915
1908317
1908337
1908339
10023821
1892509
1892544
1892554
1892555
1892621
1892634
11688586
5127748
5806166
10587253
1892729
1892736
1892742
1892746
1892759
1892761
1892770
4299095
8941801
1892811
1892814
11464595
1892821
1892837
1892851
1892855
1892856
1892858
1892863
5127805
5127814
5127822
1892944
5127835
5127867
5127893
5127916
5127932
5127955
5127971
5127992
5127998
7346346
9963153
1893137
1893177
1893204
1893241
1893266
5792081
5128005
5128007
5128011
5128034
1893329
1893337
1893341
1893377
1893381
1893480
9113409
10055104
10477747
12106975
1893526
1893538
1893546
1893551
1893558
1893562
1893612
1893645
1893660
1893663
1893699
1893787
1893793
1893901
1893921
1893923
1893951
4704279
8832485
8982591
9136904
10333787
1893989
1893993
1893998
1894002
1894012
1894054
1894057
1894060
10653980
1894074
1894076
1894082
1894085
1894087
1894088
1894102
1894164
1894268
1894293
1894298
5882039
1894329
1894342
1894349
5128161
5128169
5128182
7712938
10398658
1894714
4535614
4535627
4535630
4535632
4535636
8049830
10639484
1894840
1894896
4535827
10412261
1895037
1895138
4535809
4535817
4535819
9519321
5128224
5128225
1895159
1895176
1895185
1895203
1895250
5128232
5128250
5128266
5128323
5128326
5128353
5128357
5128363
5128380
6231906
9804158
1895448
1895499
1895527
1895609
1895667
1895670
1895709
9192882
1895733
1895745
1895768
1895773
1895789
1895809
1895818
1895820
1895829
8763986
9016382
1895838
1895867
1895875
1895886
1895904
1895956
1895984
1895992
1896061
1896063
1896073
1896087
1896105
1896126
1896141
1896142
1896152
5128398
5128423
5128432
5128433
5128438
5128446
5128475
5128488
5128491
9981187
1896304
1896316
1896547
1896600
1896603
1896614
1896628
10465059
1896658
1896749
1896754
10353400
1896756
1896763
1896774
5128519
1896841
1896876
5128545
9361954
1896915
1896922
1896932
5129251
9590057
11701883
5129257
5925238
8367663
1897664
1897677
1897685
1897692
1897722
1897747
1897770
5129266
1897808
1897814
1897817
1897834
1897852
1897873
1897904
1897946
1897965
1897970
1897972
1897977
1897980
1897985
1897990
1898002
1898017
10073321
10365587
10375186
10401396
1898077
1898133
1898143
1898174
1898200
1898203
10383968
1898234
10321900
1898250
10114575
10208801
10265559
1898286
1898290
4299368
4299370
5129293
5714367
5714369
5806175
5806176
5806177
7346344
8961830
9396180
9563837
1898348
1898350
1898352
1898358
1898367
1898368
1898370
1898374
1898391
1898402
1898414
1898416
1898424
1898431
1898434
1898441
1898521
1898544
5129374
5129378
5129387
5129405
5129417
5129430
5129432
5129451
5714356
5714361
6228464
5129473
5129479
5129480
5129481
5129489
5129496
5129502
5129515
5129517
5129520
5129524
5129531
5129535
9208233
9255328
5129544
1898686
1898789
1898841
1898848
1898858
1898865
1898946
1898958
1898970
1898988
1899048
5129636
1899071
1899144
1899164
1899187
1899198
4299211
4299213
10474236
1899835
1899873
1899893
4704400
4704401
4704404
4704407
1899922
9028122
9446281
1899931
1899932
1899940
1899943
1899947
1899950
1899956
1899989
8445010
1899994
1900014
1900024
1900026
8847500
9208918
9925669
1900053
1900055
1900093
1900112
1900121
1900131
1900134
1900172
1900175
1900195
1900197
1900199
1900233
1900249
1900295
1900303
1900345
1900408
1900485
1900523
1900565
1900578
1900618
1900626
1900632
1900768
1900787
1900825
1900830
1900872
9190731
1900890
1900897
1900918
1900939
9392084
11701991
1901001
1901153
1901189
9072828
1901213
1901257
1901261
1901268
8247566
5130277
5130296
1901372
1901399
1901404
1901411
1901427
1901428
1901429
1901435
1901463
5130314
5130322
5130326
5130330
1901533
1901580
1901669
1901735
1901744
1901781
1901782
1901794
1901801
1901804
1901810
1901832
1901850
11135155
11219489
11546465
11623814
11726907
11832697
11841763
12258652
5130335
5130347
5130369
5130392
5130393
5130396
5130400
5130439
5130444
5130448
5130456
5130464
5130467
5130471
5130476
5130487
5130502
5130514
5130521
5130528
5130542
5130548
9357385
1902106
1902108
1902110
1902111
1902114
1902117
1902118
1902211
1902233
1902244
1902248
1902300
1902346
1902378
1902384
1902388
1902406
1902410
1902430
1902451
1902458
1902479
1902502
1902533
1902543
1902560
1902568
1902572
1902586
5130559
1902615
1902620
1902623
1902642
1902660
1902670
1902676
1902680
1902692
1902699
1902702
1902703
1902704
4299218
1902749
8140883
8189761
10512675
4535689
1902814
1902880
1902882
1902885
5130562
5130574
1903009
1903028
10394962
10577473
5130748
5130775
5130813
5130814
5130851
5130904
5130908
5130944
5130971
5131058
9968404
9999965
1903607
1903634
1903636
1903646
10114865
1903658
1903661
1903683
1904206
1904272
1904281
1904282
1904283
5131597
5131608
5131637
1904382
7776011
1904701
1904719
1904728
1904760
1904764
1904798
5131951
1904884
1904887
1904888
1904916
1904921
1904922
1904932
1904938
1904943
1904948
1904996
1905079
1905142
1905161
1905162
1905172
1905187
1905189
1905242
1905257
1905267
1905281
1905297
1905299
1905301
1905310
1905317
6221746
1905321
10312760
10615631
1905383
1905396
1905451
1906006
1906014
1906030
1906063
1906117
5132523
5132529
5132540
5132545
5132550
5132591
5132713
1906552
8208583
1906604
1906621
1906679
1906715
1907153
1907190
1907235
1907250
1907272
10569879
11378273
5132839
1907395
1907399
1907430
1907432
1907436
1907475
1907498
1907511
1907534
1907541
1907547
1907569
1907576
1907580
1907620
1907625
1907637
1907666
1907672
1907683
1907687
4535754
5881946
7976131
1907727
1908011
1908044
1908052
1908055
1908123
1908138
1908144
1908146
1908148
1908150
1908168
1908174
1908199
1908203
1908204
1908207
1908217
1908256
1908258
1908262
1908299
1908302
1908309
1908352
1908356
1908367
1908577
1908660
1908700
1908702
1908707
1908713
5133035
1908775
5133051
11608942
1908818
1908840
1908863
1908871
1908897
1908929
1908953
1908962
10542548
1908995
1909004
1909019
1909025
1909039
1909064
10046510
1909070
1909108
1909123
1909128
1909135
1909155
1909170
1909185
1909191
1909209
1909211
1909213
9851867
1909216
7346301
8727750
8978362
1909241
1909281
1909319
10656625
12234977
1909398
1909436
1909453
1909457
4704352
4704356
1909489
1909532
1909573
1909607
1909649
1909659
1909800
1909810
1909818
1909838
1909854
1909865
1909879
1909884
5133142
5133251
5133255
5133265
5133366
5133451
5133503
5133523
1910371
1910378
10558140
5133565
5133568
1910706
1910753
6133858
1910773
5133581
5133589
1910809
1910812
1911076
1911077
1911093
1911112
1911122
1911168
1911178
1911182
1911198
1911246
1911278
1911298
1911300
1911461
1911503
7728366
8396242
5133591
5133595
5133609
5133610
5133615
5133621
5133622
5133623
5133634
5133635
5133637
8548427
9086331
9219529
1911577
5133687
5133689
1911633
4535592
4535596
1911736
1911755
7809779
8078362
1911939
12322536
12335869
1911966
1912003
1912036
1912119
5133693
5133695
10203260
5133736
5133786
1912325
1912372
1912395
1912428
1912470
4299535
4299565
4299576
4299597
4299599
5133864
5133920
5133990
5714410
5772890
7428726
7799370
8810143
10638244
9277330
1912506
8964866
10097687
10137350
4535581
5134098
5134301
8312017
1913091
1913105
1913175
1913178
1913328
1913351
1913371
11046092
1908108
5134469
5134517
5134543
5134559
5134569
5134583
5134607
5134621
5134659
5134661
5134667
5134682
5134686
5134687
5134693
5134759
5134810
5134815
5134837
5134884
5135026
5135191
5135355
5714507
5772948
7509928
7700512
7738295
7791190
7791558
7798382
7940299
8047165
8137978
8167638
8214814
8233062
8262258
8295666
8298764
8314088
9915028
9967126
1914410
1914416
1914420
1914421
1914424
1914433
1914435
1914439
1914440
1914442
1914458
1914464
1914465
1914477
1914484
1914496
1914498
1914500
1914501
1914511
4299191
4299201
8918036
1914693
1914697
1915031
1915079
1915080
1915110
1915140
1915144
1915154
1915160
1915193
9185656
9988287
1915262
1915270
1915275
1915325
1915332
8669164
1915339
1915368
1915369
1915396
1915401
1915415
1915417
1915427
1915430
1915456
1915469
1915470
1915487
1915492
1915499
1915506
10078453
10196441
10487080
11372793
11375508
11516142
11535847
11572120
12301192
12357826
12358748
1909736
5135573
5135643
5135839
5135944
5136059
5136113
5136200
5136306
1916347
1916352
1916376
1916410
1916412
1916458
1916509
1916554
7854318
5136372
1916700
1916701
1916758
1916772
1916790
5136514
5136594
5136681
5136713
5136752
5136790
5136866
5136868
5136939
5137022
5137085
5137086
5137128
5137156
5137166
5137257
5137291
5137330
9251096
5137388
1917827
1917830
1917834
1917840
1917911
1918026
1918076
1918077
1918078
1918082
1918086
1918094
1918097
1918133
1918149
1918207
1918212
10250149
1918220
1918263
1918268
1918269
1918280
1918293
1918321
1918394
1918395
1918406
1918408
1918411
1918416
1918467
1918495
1918497
1918509
1918517
1918532
1918533
1918547
1918553
1918554
4299802
4299804
1918596
1918601
1918627
1918632
1918667
1918669
1918688
1918694
1918733
1918736
1918776
1918789
1918795
1918843
1918854
1918859
1918868
4535539
8035998
8176911
5137397
5137408
1918964
1918968
1918972
1918984
1918986
1918988
1919007
1919010
7622059
7988274
8404037
5128045
5128067
5128118
10059034
10415847
10454590
11645316
4535618
4535620
4535510
10455658
11573394
10595994
9902073
10000384
10043827
11419137
11760688
11840957
4704316
5881748
4704500
4704501
5130587
5130682
5130696
7762841
10376507
10717680
5131096
5131142
5131192
5131256
5131293
5131339
5131347
5131372
5131407
5131442
5131443
5131467
5131493
5131495
5131520
5131540
5131555
5131565
5131585
5131593
10228568
10259880
10277877
10508423
11425145
5131982
5132003
5132008
5132078
5132079
5132084
5132137
5132154
5132183
5132191
5132221
5132225
5132238
5132239
5132246
5132252
5132254
5132283
5132289
5132317
5132346
5132347
5132360
5132374
5132398
5132429
5132440
5132446
5132461
5132479
5132483
5132505
5714312
5714333
7346328
7346335
8001799
9541133
5133088
5714299
5714302
5806167
5881397
5881400
6100725
6100726
7642610
5135513
5135546
10873137
11525418
1896957
5128569
5128587
5128597
5128644
5128663
5128825
5128984
5129000
5129025
5129091
5129190
9087922
5130557
10201273
5131910
5881551
8138711
8549720
1910496
1910501
1910576
1910628
1910629
1910648
1910662
1910663
8643309
1902143
1902169
1902175
1902182
1899349
1899433
1899737
1899818
5129913
6229058
7768674
7867379
7934873
8168644
8393082
10265841
10511167
10662329
12045866
4299778
5132917
5132940
5132956
5132973
5133008
5133009
9964857
1914701
1914708
1914734
1914749
7346340
9745549
1918584
1951370
1951412
1951448
1951462
1951492
1951505
1951507
1951522
1951529
1951542
1951557
4527355
5142842
5142870
1951631
9512631
1951649
1951657
1951660
1951671
1951675
1951747
9156165
1951784
1951791
5734305
1951818
1951840
1951844
1951859
1951874
1951881
5734326
1951919
1952014
5142903
1952032
1952034
1952043
1952052
1952062
1952093
1952130
1952147
1952175
1952177
1952229
5142948
1952281
5143007
5143048
5143049
5143076
5143080
1952449
1952481
1952532
10782264
1952551
1952611
1952685
1952704
1952730
5143107
5143116
5143129
5143147
1952806
1952812
1952816
1952857
1951713
1951725
9502606
5885428
8604089
1832819
1832853
1832862
1832915
1832927
1832936
1833096
1833159
5880257
5880258
6097224
6097225
6097228
10045595
1853064
1853079
4529248
1853190
5976910
1868211
1868334
1868360
1868409
4702564
1868499
6544581
10548683
5125118
1868470
5141581
5141590
1735121
1735168
1735193
1735391
1735398
10597291
5102423
5102424
1735273
5102432
1941570
1941683
1941702
1941713
1941717
1941719
1941864
5120465
1843888
1843889
5120577
5120668
5120675
5120767
5121040
5121046
5121177
5121244
5121517
5121613
5121737
8273859
1843313
1843326
1843331
1843362
1843370
1843379
1842043
1842097
1842119
1842124
1842196
5120341
5120343
5120357
5120368
5120379
5120396
1842446
1842485
1842508
1842542
4301036
1842690
1842695
11854390
4529738
9755262
5120453
1843429
1843444
1843485
1843564
1843590
1843602
10327658
10619048
1730519
1730543
5101371
5101374
8292351
6122527
10304313
10607329
11484123
9114044
5101394
1730948
1730978
1731097
1731221
1731263
10458960
10469497
4525641
11431507
1731598
5101527
1731750
1731811
1731812
10535684
11563728
11904618
5101502
10049887
10134558
10307487
5806352
5806353
10450446
10629470
8008237
8130866
8402212
1872359
1872361
1872368
1878626
6133117
1878656
7628188
1878688
1878705
1878744
1878751
1878753
1878782
1878789
1878798
1878804
1878810
1878826
1878837
1878845
1878862
1878879
1878895
1878904
1878907
1878937
1878939
1878951
1878958
4531506
4531517
1879001
1879052
1879125
1879141
1879160
1879227
1879252
1879253
1879272
1879274
1879337
1879339
1879340
1879348
1879379
5734212
1879398
1879405
1879408
1879413
1879427
10366679
10874932
1879443
1879452
5126204
1879465
1879471
1879490
5126212
5126217
10177508
10851840
10857326
12231152
1879534
1879630
1879655
1879691
1879703
1879731
1879735
1879765
5126229
5126231
5126240
5126241
5126259
5126284
5126287
5126292
5126315
5126332
5126344
5126352
5126357
5126365
5126376
5126381
5126396
5126397
5126398
5126404
5126434
5126445
5126449
5126454
5126458
5802331
5802333
5126494
5126517
5126533
10915497
10922201
1879939
1879970
1879975
1880011
1880013
1880019
1880025
1880040
1880044
1880049
1880062
1880064
1880078
1880083
1880088
1880094
1880104
1880123
1880132
1880133
1880138
1880139
1880140
1880143
1880156
10489219
5126585
5126635
5126637
1880352
1880353
1880379
1880381
1880408
1880411
4302319
1880439
1880451
1880464
1880465
9524458
1880505
10056494
1880537
1880623
5126663
6133225
10861282
11968849
1880818
1880852
1880858
1880865
1880907
1880931
1880968
4531643
1880982
1880986
1881018
1881019
1881031
1881041
1881079
1881089
1881094
1881111
1881121
1881122
1881126
1881132
1881139
1881147
1881151
1881157
1881166
1881170
5126668
9819403
4531687
1881208
1881228
1881293
1881303
1881320
1881329
1881336
1881340
10046436
10348110
10441857
1881362
1881393
1881404
1881418
1881424
1881485
1881504
1881515
5126697
5126718
5126721
5126726
5126729
1881603
4531713
10751438
1881767
1881822
1881834
4531975
5126751
1881917
1881955
1881964
1882021
1882089
1882110
1882158
1882165
1882190
1882195
1882210
1882297
1882215
1882218
5126756
1882253
1882266
1882272
1882310
1882316
1882355
1882437
1882459
1882557
1882729
5126785
5126798
5126834
5126843
5126866
5126870
5126889
5126892
5126905
5126916
5126922
5126946
5126958
5126963
5127020
5127024
5127039
5127044
5127045
5127054
8325294
1882753
1882767
1882771
1882773
1882785
1882786
10107015
1882812
1882816
1882818
1882819
1882884
1882901
1882905
10156181
10191785
10643403
11891668
1882927
1882930
1882941
1882958
1882959
1882960
1882965
1882977
1882979
8725248
1883020
10464411
1883024
1883028
1883038
1883067
10807787
1883124
8981028
1883161
1883168
4687288
1883386
1883394
1883458
5127089
5127090
5127094
5127097
5127107
5127116
5127118
5127130
5127132
1883634
10069243
1883775
1883829
1883873
1883881
1883897
1883943
1883951
1883968
1883975
8324720
9864281
1883993
1884001
1884051
1884061
4531690
1884212
1884213
4531708
1884228
1884229
9294363
10171108
10209845
1884428
1884434
1884435
1884437
1884439
1884449
1884453
1884461
1884464
1884465
1884479
9837762
1884503
1884531
1884539
1884595
1884607
1884610
4687228
1884671
6120980
1884685
9308930
1884703
1884774
1884790
1884816
1884835
1884844
1884858
1884877
1884890
4532122
1884908
1884909
4532146
1884923
1884936
1884970
1884997
1885001
1885012
1885024
1885099
1885158
1885202
1885229
1885262
1885263
1885569
1885572
1885605
1885623
1885630
6133181
6133182
9957790
1885642
1885702
5127170
1885745
1885763
1885764
6120861
1885826
1885836
1885919
1885931
1885937
1885945
1885950
1885994
1886015
1886084
1886088
1886104
1886241
1886251
1886262
5127203
1886292
1886320
1886362
8223165
1886378
1886398
1886400
1886419
4302333
5127209
1886490
1886501
1886526
1886579
1886583
1886587
1886648
1886650
1886700
10610809
1886720
1886726
1886729
10510138
7562564
1886868
1886906
1886929
1886935
5127222
1886951
10613467
1887004
1887024
1887031
1887036
1887052
1887054
1887285
1887290
1887309
1887341
1887459
1887462
10437872
5127325
5127335
5127336
5127337
5127339
5127350
5127353
5127354
5127355
5127357
1887509
1887565
1887580
1887585
1887586
8955839
1887634
4531670
1887686
1887691
1887694
1887701
1887894
1888009
1888027
1888040
1888047
1888092
1888123
4531968
1888292
1888306
1888307
1888324
1888336
1888338
1888346
1888410
1888435
10922411
1888463
1888484
1888491
1888537
5127378
5127380
1888579
5127394
1888619
1888623
1888646
1888695
1888733
1888736
1888743
1888759
1888823
1888826
1888891
1888893
1888906
1888911
1888913
1888915
1888926
9535420
12106417
1888946
1888955
1888958
1889028
1889039
1889043
1889050
1889053
1889071
1889074
1889239
1889242
1889249
1889267
1889270
1889272
1889277
1889287
1889327
1889356
1889358
1889370
1889381
1889531
1889536
1889543
1889552
1889563
9228024
1889905
1889939
1889942
1890012
1890031
5127521
1890089
1890097
1890187
1890247
10058481
9519191
11044778
1890287
1890320
1890335
1890343
7543006
1890346
5127530
1890368
10180624
1890374
1890404
1890410
1890417
1890487
1890491
1890508
1890512
1890520
1890522
1890534
1890540
1890560
1890576
1890599
1890622
1890629
1890654
1890656
1890670
1890679
1890699
1890701
1890703
1890724
1890730
1890737
1890772
1890776
1890783
1890794
1890800
1890802
1890823
1890854
1890876
1890885
1890898
1890917
1890934
1890936
1890957
1890975
1891013
6207059
7431428
1891035
10034831
1891048
1891059
1891074
1891129
1891167
1891171
1891177
1891186
1891190
1891217
1891236
1891299
10071588
1891308
1891326
1891339
1891366
1891386
1891426
1891438
1891453
1891473
1891484
1891488
1891493
1891494
4532022
4532024
8411753
1891533
1891583
10310835
1891636
1891755
1891758
1891889
9884308
1891932
1891936
8986756
1892131
1892153
1892193
1892230
1892242
1892245
1892301
1892302
1892311
1892320
1892355
1892420
1892427
1892433
9059564
10072800
1892456
1892458
1892462
1892476
1892477
1892488
10141437
11056379
9674732
1884240
1884254
1884255
1884273
1884274
1884280
1884312
1884326
1884332
1884337
1884365
1884370
1884403
10179389
10259280
10330376
10446295
10482025
10655790
5884851
6133139
6133140
6133141
9181627
9935837
5771877
7864212
8146570
8425580
10117959
10227418
4532125
9967529
9900218
10145421
10348945
10521368
10579230
10594210
6120803
6133232
6121010
10257673
10556366
10513366
6121218
10502505
10397209
6133154
10462708
10959264
6133158
8876855
10063575
10375403
10106345
10432184
10444331
11761541
5126675
5126680
7446048
8532380
8537359
8823068
8856895
8858121
9100030
9101339
9137965
9530406
1886374
1889716
1889717
1889721
1889745
1889760
1889765
1889769
1889828
1889833
1889838
1889850
1889870
1889875
5127562
5127592
5127595
5127609
5127629
5127631
5127638
5127644
5127656
5127669
5127675
5127680
5127683
5127688
5127698
5802339
10245924
10769553
1887108
1887119
1887122
1887125
1887126
1887173
1887177
1887178
4532050
4532057
4532088
4532095
4532097
6121184
8218441
1888638
1888639
1886123
1886207
1883885
1880275
1880286
1880293
1880305
1880310
1880316
1880318
1880321
1880350
4532150
4532155
4532160
5771880
10410699
1846099
1846103
1846107
1846111
1846112
1846133
1846141
1846149
1846159
1846190
1846210
1846219
1846229
1846236
4528813
4528818
1846240
1846259
1846261
1939597
1830879
1830937
1830962
1831002
1831009
1831097
1831128
1831136
1831168
4708183
4525443
4525448
9958241
1731292
1853242
1853312
5122293
5122307
1853578
1853587
10222583
1853855
4526048
1854019
1854021
10452421
10546013
11428453
1854028
1854143
1854202
1854249
1854259
1854287
1854347
5122430
5122439
5122455
5806333
1854615
1854792
1854824
1854849
1854906
11773446
7946946
5880063
1854237
12239445
4526094
4526050
7717983
1858615
1858637
9777614
1858659
1858660
1858674
1858698
1858706
9689122
1858718
1858762
1858775
1858778
1858873
1858930
1858973
1859046
1859061
9645309
1859100
1859161
1859177
4536292
9768621
1859285
1859287
1859305
9590272
9801765
9760511
1859453
1859471
1859480
1859488
8790054
9675743
9686431
9746673
9748079
1859534
9749806
6133397
1859929
1859932
1859952
9752950
1860026
1860063
1860076
4536472
4536483
9700261
7642240
8200050
12046692
1973458
1973466
1973467
4525132
5123118
5123137
5123180
5123221
5123276
6097269
5123042
5123046
9759340
10103570
9547681
10129812
5124468
1864897
1864905
8877458
9240588
9355107
9531432
9547535
9606779
1865102
1865107
1865108
1865120
1865132
11754954
1865295
1865299
1865313
1865319
1865328
1865333
1865341
1865345
1865347
1865348
1865353
5124512
5124542
5124557
5124589
5124595
5124597
5124598
5124607
5806244
10534664
1865547
1865555
1865557
1865571
1865572
1865578
1865590
1865593
10014340
1865650
1865659
1865660
1865666
1865668
1865671
9914882
9972403
1865709
1865711
1865764
1865827
1865837
1865839
1865842
1865853
1865856
1865862
1865869
1865930
1865963
1866003
1866006
1866085
1866100
1866105
1866123
1866162
1866164
1866201
1866214
1866220
1866237
5734291
1866249
1866252
1866262
1866311
1866330
1866336
1866338
1866341
1866356
6106943
1866421
1866491
1866496
1866530
1866549
1866550
1866556
1866568
1866570
1866573
9906979
1866601
1866838
1866902
5124813
1866980
1867009
1867014
1867021
1867022
1867029
1867032
1867037
1867108
1867171
1867218
1867224
1867231
5124873
1867295
1867312
5124880
5124911
1867426
1867515
1867525
1867535
1867547
1867552
1867673
1867709
1867722
1867744
1867749
1867750
1867751
1867773
10108753
1867788
10047346
10247309
1867820
1867928
7764232
8439879
9983244
1867991
1867993
1868014
10883659
1868025
1868049
1868060
10591617
9634178
11643393
11670751
11729388
10248521
10302305
10547404
11414590
11464362
5124673
5124716
1736271
7734292
1841460
1841476
5120278
1841616
1841675
1841706
1841764
1841782
1841813
1841821
1841946
1841989
10309331
10019169
10005133
5123615
1861433
1861451
1861456
1861457
1861458
1861479
1861488
1861494
1861510
1861522
1861544
1861559
1861584
1861592
1861604
1861644
5123636
5123663
1861663
1861665
1861673
1861697
1861705
1861714
1861721
1861759
1861773
1861783
1861784
1861797
1861823
1861834
1861836
1861842
1861851
1861862
11529603
1861887
1861892
1861893
5123674
1861933
1861936
1861937
1861938
1861949
1861951
1861953
1861958
6106744
1861967
1861975
1862008
1862026
1862033
1862044
1862046
1862047
1862049
1862061
1862066
1862072
1862078
1862083
1862087
1862088
1862091
1862094
1862096
1862123
1862129
1862139
1862163
1862181
1862198
1862207
1862225
9559671
5123676
5123685
5123701
5123704
1862293
1862311
1862331
1862363
1862370
1862394
1862401
1862403
1862414
9836014
10374414
11907754
1862430
1862433
1862434
1862441
1862449
1862454
1862455
1862468
1862475
1862481
1862516
1862517
1862521
1862526
6106708
1862547
1862551
5123707
5123709
1862569
1862572
1862578
1862580
1862595
1862624
1862658
1862692
1862701
1862719
1862757
1862765
1862774
1862805
1862837
1862841
1862874
1862894
1862916
1862917
1862923
1862928
1862989
1863021
1863025
1863034
1863051
1863075
1863080
1863088
5123775
1863109
1863143
1863151
5123784
5123801
7803585
1863282
5123922
5734719
1863354
1863366
1863384
9899724
1863388
1863394
1863405
1863407
4301348
1863412
1863416
1863426
1863467
1863544
1863584
1863640
1863646
5124007
5124029
5124049
1863699
1863701
1863706
1863714
1863724
1863732
1863734
1863735
1863742
1863750
9310369
1863757
5124050
1863829
1863848
1863856
1863858
1863864
1863880
1863907
1863909
1863910
1863924
9178932
1863944
1863955
9578319
1864126
1864135
4703479
1864156
1864161
1864164
1864165
8956567
1864204
5124071
5124080
5124088
5124093
5124109
8133328
11468731
1864316
1864320
1864321
1864328
1864329
1864352
1864358
1864377
11141784
5124118
5124119
5124121
5124136
5124143
5124147
5124151
5124172
5124199
5124200
5124208
5124219
5124232
5124233
5124249
5124250
5124268
1864576
11738734
11954157
1864652
5124300
5124304
5124305
5124332
5124348
5124352
5124374
5124415
5124423
5124433
5124442
5124443
5124448
5124450
5124452
1864793
1864796
5734713
5885399
6099041
6106759
7346401
10193618
6106647
5123815
5123824
5123837
5123852
5123870
5123876
5123884
5123889
5123890
8810912
10189661
10191275
10436020
5123954
5123956
5123961
5123968
5123971
5123979
5123980
5123983
5123991
5123996
5123999
5124000
8849480
9513830
1863978
1863982
1864004
1864008
1864021
1864046
1864058
1864068
1864070
1864084
1864090
1864098
1864103
1864106
1992573
1992634
5150053
9893936
1992883
1992889
1992907
1992936
1992938
1992956
1992969
10842838
10994020
1992976
1993021
1993036
1993043
1993045
1993419
5150092
1993496
6133769
1993637
1993643
10022517
1992817
1939432
1939460
4525189
1953192
1953196
1953217
1953326
1953356
6132711
6132712
6132715
1953407
1953423
1953499
5143232
5143234
1953729
9053308
9424853
10132811
10644798
11467944
11503857
6132725
6132726
1953970
6132723
6132729
1953998
1954025
1954037
5143241
5143249
5143266
5143279
1954084
1954120
6132728
1860108
1860118
1830031
10650211
5119482
5119506
5119513
1830099
1830361
1830372
1830374
1830380
1830407
1830408
1830410
1830419
1830435
1830437
1830442
1830457
1830459
4525369
1830498
4525420
4525425
7976145
1830534
1830537
1830584
1830632
1830802
4525364
1754135
1754183
1754263
1754270
5105642
1754332
1754368
1754380
1754400
5105649
5105656
5105671
1754465
1754511
1754516
1754535
11737872
12075408
1754619
1754803
1754806
1754814
11175615
1754902
1754919
1754933
1755131
5734138
1755237
1755248
1755253
1755276
5105929
5106115
5106160
5106249
5106539
5106894
5107076
5107128
5107219
5107640
5107644
5107829
7410701
7586742
7674502
7761138
7778368
7870336
7903078
7909858
7955974
8048904
8102790
8111395
8158342
8201251
8348761
8426357
1757652
5108318
5108334
5108335
1757839
11140464
11860016
1757853
5108346
5108349
4689394
10174151
10322104
8964772
4522753
1830669
1830681
9004359
10604375
1953124
1953166
1939647
1939658
1939677
1939680
1939688
1939717
7646066
1751497
1751507
1751509
1751524
1751557
1751572
1751575
1751588
1751590
1751606
1751609
1751625
1751626
9332550
1751670
1751684
1751690
1751785
5105193
5105194
5105212
5105217
5105218
5105227
1829287
1829322
1829363
8254441
1854920
5122526
5122538
5122556
5122571
5122574
5122581
5122620
5122646
5122647
5122668
5122683
5122691
5122696
5122702
9015218
1855358
10055273
1855452
1855630
1855747
1855799
1855804
1855807
1855813
8734090
1856005
1856105
5122779
1856289
5122798
1856348
1856374
1856384
1856516
1856581
1856595
1856620
1856658
1856663
1856668
1856686
1856691
1856701
1856720
1856730
1856768
1856772
1856867
1856971
1857020
1857033
1857068
1857097
1857143
1857180
1857213
1857233
1857241
1857258
1857267
1857295
1857315
1857380
1857385
1857410
1857577
1857581
1857626
9790007
1857785
1857809
1857828
1857829
1857840
1857856
1857863
1857878
1857882
1857900
1857918
1857924
1857935
1857938
1857945
1857948
1857973
1857978
1858074
1858100
1858113
1858163
5122876
5122969
1858283
1858321
1858404
1858411
1858488
8178453
1858523
1858526
1858557
1856891
1856893
10038125
1937642
1937643
1937655
1937665
1937667
1937688
1937691
1937698
1937699
1937702
1937707
1937711
1937712
1937722
1937723
1937739
1937745
1937751
1937754
1937758
1937769
1937792
1937793
1937803
1937816
1937819
1937826
1937846
1937847
1937849
1937856
1937885
1937892
1937911
1937931
1937937
1937959
1937966
1937974
1937975
1937988
1938007
1938016
1938022
1938029
1938050
1938052
1938058
1938059
1938069
1938074
1938081
1938088
1938104
1938112
1938114
1938122
1938125
1938129
1938131
1938147
1938148
1938156
1938159
1938162
1938166
1938168
1938174
4299870
4299871
4692485
4692504
4693382
5734569
8225376
9017206
10600208
11716362
12200213
12211009
1936969
1936988
1936993
1937011
1937037
1937055
1937064
1937090
1937109
1937110
1937124
1937129
1937136
1937144
1937155
1937162
1937165
1937167
5141144
5141154
5141163
5141170
5141172
5141177
5141179
5141185
5141187
5141188
5141195
5141197
5141198
5141199
5141202
5141207
5141212
5141215
5141216
5141226
5141229
5141230
5141233
5141234
5141236
5141242
5141248
5141250
5141252
5141254
5803065
1937444
1937474
4693675
1937490
1937514
1937527
1937530
1937540
10761559
1937556
1937566
1937570
1937580
1937582
1937594
1937613
1937618
1938214
4690079
1938226
1938230
1938233
1938300
1938446
1938520
1938612
1938796
1938810
1938955
1938975
1939056
1939086
1939130
1939131
1939134
1939136
1939143
1939156
1939168
1939180
1939215
1939225
5141321
5141324
5141331
5141333
5141340
5141342
5141311
5141317
1939336
4694313
11561676
12219250
12229940
12247359
12253844
12262562
5141262
5141288
5141291
5141297
5141305
5802625
1939314
1856368
1856394
1856503
1856555
1857690
5123018
1858531
1838691
1838811
1838838
1838905
1838911
4528692
4528694
1838251
1838255
1838276
1838289
1838297
1838304
1838308
1838331
4685893
1833518
1833523
1833525
1833531
1833532
1833535
1833539
4685097
1833477
1833497
1833499
1833500
4685485
1833562
4686368
1833600
1833626
1833627
4528658
1833653
1833664
1833834
1834019
1834078
4685138
4685219
4685271
1834497
1834589
1834775
8546322
8574752
1834850
1835031
5770913
1835082
1835098
1835121
1835123
1835128
1835156
1835345
1835393
1835396
1835407
1835422
1835500
1835555
1835609
1835612
1835635
1835644
4685116
5119905
5119961
5119969
1835790
1835821
1835828
10304283
4686483
1836871
1836873
1836899
4685431
4685448
1837053
1837057
1837150
1837159
1837172
1837569
1837572
4686743
1837857
1837870
1837894
1837900
1838034
4685065
1838218
1838224
4685299
4685306
1838333
4686617
4686620
4686621
4686628
1838626
1838629
1838633
1838635
1838641
1838649
8958353
1838666
1838958
1838960
4528702
4685566
4685576
1838969
1839317
1839323
1839325
1839333
1839370
9895629
1839494
1839560
1839770
1839851
1839878
1839893
5120053
5120058
5120063
4685645
4685650
4685653
4685655
4685662
4685669
4685678
4685683
1840258
1840260
1840726
1840774
1840776
1840796
1840812
1840844
1840974
4686042
4686055
4686111
4686133
4686164
4686190
4686214
4686264
4686266
1841101
1841158
1841159
1841180
1841183
1841188
1841215
1841219
1841221
1841302
4685972
5770922
5770942
5802248
5802256
5802257
5802259
4529032
4686039
4686015
4686016
4686018
4686022
4686027
4686029
4684521
4684591
4684789
4684888
4684893
4684925
4684958
4685629
4685631
4685778
4685810
4685980
4685981
4686355
4686385
4686386
4686531
4686532
4686656
4686697
4686702
4686844
4686956
10511237
5119893
5119895
12188993
1800238
10213314
10225227
1800441
1800473
6133777
1800522
1800528
1800539
10737993
1800562
1800572
1800642
10010361
9859868
9883274
1800686
1800691
1800696
1800821
1800843
1800844
5114394
5114400
5114409
11873966
4534796
4534798
9267364
9544823
1800881
5114425
4534757
1800934
1800963
5114431
5114435
5114436
5114439
6133780
1801000
1801001
1801051
1801073
1801080
1801084
10240592
1801170
1801196
5114465
5114515
1801303
1801305
1801316
1801432
1801461
1801490
1801503
1801519
10026605
10066605
10088502
10372377
10448500
10510325
10573425
11496990
11508472
11594541
11596898
11698552
11836409
11871044
1801787
1801896
1801903
1801922
1802978
4534773
4534776
4534778
4534779
4534782
4534787
4534788
4534792
6112606
6112610
6112613
6112634
6112661
6133809
6133811
6133813
6133814
9313634
9385576
9454291
9574801
9579309
9626037
9894093
9960072
1801993
1802090
8883183
1802113
1802120
8924506
1802229
1802244
1802280
1802337
1802662
1802702
1802783
1802827
1802830
1802833
1802850
1802868
1802888
1802919
1802939
1802998
1803012
1803014
1803021
1803022
1803025
1803035
1803039
1803060
1803065
1803073
1803078
1803091
1803108
9485481
10942408
4534762
4534766
4534767
4534769
6133803
9239301
9426252
10264193
5114295
5114303
5114311
5114316
5114317
5114327
5114340
5114353
8244266
10987178
